,IMDB_Rating
95,7.4
3042,6.7
2781,6.5
4454,6.5
240,5.9
1485,4.6
2658,8.3
3253,6.7
2574,5.1
3400,3.5
2542,4.6
2425,4.6
353,7.6
759,6.1
1231,5.2
3214,5.2
3543,8.0
2172,6.4
465,8.5
3392,7.8
3113,5.1
2654,6.7
1666,6.3
3613,4.2
3688,4.1
29,6.5
3008,6.6
2942,3.3
3437,2.9
944,7.1
877,8.2
1225,6.8
177,5.4
3198,6.4
881,6.7
1971,8.1
2442,6.1
4353,6.0
4175,5.4
1938,6.7
2725,8.6
2284,7.6
73,5.7
445,5.6
2932,5.8
1183,6.5
1255,5.4
1055,6.2
30,9.2
4316,7.1
2290,6.0
3161,6.0
2591,6.0
52,6.5
402,7.9
4331,8.0
1973,6.5
436,7.5
1488,6.1
1260,4.4
912,5.2
3427,8.0
2875,4.4
564,7.9
1862,6.5
3951,8.0
4214,5.5
26,6.3
4335,2.5
893,7.3
3616,5.4
214,4.4
903,6.7
450,6.8
2704,6.8
3372,4.2
4287,6.6
1769,6.1
4378,8.6
183,7.9
12,4.6
2715,3.2
3968,6.5
321,6.9
1103,3.2
2389,6.8
655,6.8
4383,4.7
3612,5.4
1786,4.6
1187,8.1
2167,6.6
2977,4.3
1554,7.3
527,7.8
1001,7.7
122,6.7
1378,7.0
1289,5.2
44,7.9
289,7.2
4109,4.1
4060,5.8
2182,7.3
1020,6.1
1412,5.6
1872,6.0
2004,5.7
354,8.6
1814,5.2
3829,6.6
990,6.3
4350,5.3
2951,6.4
1627,6.0
4440,7.8
1114,7.1
801,7.4
1356,7.5
534,8.0
3562,5.8
2726,6.3
2328,6.5
1972,6.4
2005,6.5
256,6.9
2707,4.0
3524,4.8
2605,7.3
2181,5.5
2086,6.3
647,6.4
2437,5.6
2321,7.1
1146,6.3
1461,5.9
4312,2.4
2014,7.1
2240,6.4
3899,7.3
1760,6.9
2498,4.5
263,7.7
2388,9.4
56,7.0
4354,6.3
2943,4.7
4269,2.2
1164,7.4
2526,3.4
1670,6.5
682,6.1
1595,5.6
1321,8.4
2279,7.8
286,8.2
2510,5.0
2031,6.9
2221,6.9
2225,6.5
4349,3.8
2487,6.5
736,7.7
1161,6.6
3594,5.9
1909,6.8
3464,5.3
3757,4.0
4377,5.1
2939,7.5
1675,1.2
1455,5.9
1563,2.8
3123,6.5
2685,6.2
2022,9.0
4073,7.7
1264,5.4
4210,6.0
1740,7.3
4361,3.5
1340,6.9
1022,8.3
1665,6.4
4355,5.2
2384,6.4
1436,5.4
665,5.2
3128,3.3
2474,6.6
1017,6.5
1393,7.8
1803,6.8
2550,4.3
4124,7.6
1163,7.0
245,7.8
266,6.8
63,7.8
1532,4.8
1501,7.4
2211,6.1
2399,6.6
4003,9.1
2251,7.4
2840,6.2
1366,3.9
1116,7.1
103,7.9
1438,6.6
508,7.8
1588,7.3
4392,5.6
3799,5.6
865,3.5
908,6.3
3335,6.5
1991,5.1
358,7.0
3443,9.2
299,7.4
1003,7.3
1572,6.2
1808,7.9
3742,5.3
761,8.4
3102,6.7
3355,6.6
4391,5.4
3822,6.0
3015,6.9
3717,7.4
3794,4.7
2380,7.1
1345,5.1
2742,4.7
108,7.6
1702,6.9
3010,8.0
58,7.1
76,5.7
3667,1.9
368,6.9
1650,6.6
785,8.4
2292,6.1
1292,7.3
1407,5.3
1421,7.9
2820,6.3
4208,7.1
1941,5.7
1351,7.3
1773,8.2
2908,6.7
910,7.5
124,7.3
3189,6.8
2793,5.4
2778,6.9
3091,5.9
2230,3.2
442,8.1
2678,8.3
1437,7.2
3585,4.3
3738,3.5
4410,5.4
324,8.2
4368,6.4
2512,7.0
2643,6.1
2631,7.6
3257,6.9
1006,8.0
3160,5.9
3395,7.0
3162,5.9
4330,6.7
6,5.6
932,10.0
439,6.7
3119,7.0
4094,7.6
2602,4.5
4128,6.6
2309,7.3
3532,6.8
2346,6.4
1370,7.7
4034,7.9
3469,5.7
2115,8.7
194,6.3
4104,7.2
3489,6.3
2406,5.9
3796,7.7
1228,8.1
1130,5.6
3596,5.6
4340,5.7
222,6.4
1779,4.2
1398,8.0
573,7.7
1456,4.8
4332,5.9
418,6.2
1334,6.5
1104,6.2
257,6.5
295,7.7
1515,6.3
1632,6.3
3632,5.3
3360,6.3
2471,5.8
3714,6.7
712,6.3
1747,7.1
3839,7.5
3066,6.2
3137,6.1
449,7.9
3575,7.6
3321,5.8
958,7.7
2792,3.5
654,6.2
1583,5.8
3259,6.3
4118,7.5
2409,7.8
411,4.6
4373,7.9
1784,8.6
2103,5.7
3483,6.9
1499,8.5
3605,6.5
3592,5.2
430,7.6
2333,8.4
1315,5.5
2277,6.9
1176,7.1
2627,6.2
1344,4.9
102,7.7
3182,4.0
1626,4.8
1490,5.6
3358,7.0
2197,5.5
3075,4.5
3664,6.1
3429,9.3
1929,4.0
3699,9.2
4167,3.8
3252,6.9
3997,7.3
1064,8.3
3517,5.9
818,6.9
1924,3.2
2488,6.4
816,8.0
3535,6.4
381,7.4
1871,7.3
2796,5.2
4286,6.7
3452,4.8
1739,5.9
864,8.3
1966,3.5
2520,7.7
554,7.1
1159,7.2
1213,5.8
3115,5.2
2803,6.2
4438,6.7
2345,5.7
3894,7.0
748,3.1
1391,6.8
866,5.6
752,5.5
3631,4.2
2258,5.3
1873,7.0
1512,7.3
729,6.0
2179,6.0
4300,3.6
1612,6.6
1569,8.3
2822,6.8
1110,6.6
3340,7.1
346,7.5
4427,4.9
4247,6.6
4162,6.4
578,5.3
3988,4.1
2867,6.3
3625,6.0
2302,2.3
3776,7.2
178,6.6
3877,7.5
1411,6.6
4279,8.4
1777,6.4
604,7.8
3662,4.4
25,7.1
658,6.2
2646,7.0
4233,8.6
173,7.5
3716,6.8
331,3.3
342,7.2
3450,6.5
1088,7.6
479,6.4
727,6.7
3013,4.9
976,7.2
2607,7.2
3805,7.6
3411,7.7
1299,6.3
2436,8.2
2545,5.8
3442,7.1
1539,7.4
2566,7.1
3319,6.4
1815,6.3
1837,6.5
3784,5.9
2910,6.5
3740,5.0
2543,5.4
1278,8.3
4135,8.1
3150,4.6
4096,6.0
67,6.7
1448,7.8
221,6.6
3412,8.1
3534,4.7
3365,5.5
1723,7.0
88,5.4
2104,6.2
2266,5.8
4037,3.0
2470,6.5
4244,7.2
3195,4.8
1427,5.6
4031,5.6
2673,6.7
1143,7.1
397,7.7
1550,4.7
2789,7.5
2319,5.9
2213,4.3
1807,7.0
1096,5.5
3207,7.2
1350,7.8
4058,5.7
979,7.5
283,8.1
1298,8.1
898,7.5
3277,7.9
3739,5.7
1915,4.8
613,7.0
3011,6.0
1672,8.0
4056,6.1
423,7.6
4322,4.9
2281,4.5
3048,7.1
839,8.0
500,8.5
1694,9.0
2540,7.4
549,8.1
557,5.7
3434,6.2
1611,5.3
2331,6.3
218,7.2
2948,6.6
3729,7.2
1138,6.5
209,8.2
2529,6.2
4434,3.1
3430,4.4
550,6.6
2468,5.8
3586,8.7
948,7.0
3001,8.0
1474,6.8
532,4.6
3876,4.6
2589,6.6
2018,3.6
2401,8.1
4364,6.5
639,10.0
4307,4.3
3830,6.8
0,6.2
1736,5.3
4370,4.7
2805,2.9
1741,5.7
1454,4.6
247,6.0
2146,4.4
2268,7.1
1957,7.2
2905,6.9
2835,7.3
3456,7.2
1615,5.9
1698,5.9
2460,6.5
2440,4.6
2521,6.6
4159,4.0
2370,5.9
4311,7.0
278,8.5
952,7.3
2688,6.3
2787,6.8
4344,6.1
2218,5.0
2090,6.9
3071,6.4
3300,7.2
4250,6.6
2355,2.7
3711,6.0
3012,5.9
155,7.5
2288,7.8
985,4.2
1534,6.9
3169,5.1
4024,7.8
981,7.3
1965,6.8
3307,5.7
4184,5.5
2751,7.6
3328,7.3
2815,5.0
3309,8.8
1831,4.5
3061,6.9
1457,7.6
1395,5.1
4234,7.8
700,7.6
2096,5.7
644,7.2
3274,6.5
1992,6.8
929,9.2
2447,6.2
3611,7.6
3970,3.5
246,7.7
2247,5.3
923,8.0
1703,6.6
1185,5.4
268,6.8
669,5.4
3773,4.6
1775,6.2
2377,5.4
1507,6.5
3403,4.1
3924,7.1
648,6.6
543,7.0
2029,3.7
1634,7.4
2949,6.7
259,7.0
1504,7.5
2374,6.7
927,5.2
612,5.1
1023,7.4
1616,7.8
1152,3.5
219,6.1
3804,4.8
485,6.7
2817,5.6
1902,6.6
258,6.5
3513,6.0
386,5.6
847,8.3
3130,5.1
2091,3.4
2501,6.8
1477,7.2
3484,5.4
3576,6.8
553,7.4
1233,4.4
3305,5.3
1923,7.4
3451,7.9
3105,6.5
3258,5.5
1095,6.6
3553,6.5
2080,6.0
1320,7.1
1752,7.8
507,7.9
7,5.2
3712,9.1
2481,6.6
2614,7.0
3083,4.7
3789,5.2
1450,6.9
1623,7.4
378,7.3
3817,6.5
2748,6.2
678,8.5
773,9.0
2962,6.4
1011,6.3
2057,6.2
1896,7.2
3338,7.3
65,6.6
3682,6.1
3727,6.4
3593,6.9
2227,7.9
679,6.5
2367,5.9
1822,6.8
781,6.9
3275,7.0
627,3.5
3082,7.8
1905,7.6
2066,7.7
2894,7.5
4398,5.1
883,6.8
1091,5.6
382,8.1
4192,6.1
3454,6.9
2405,4.3
3941,7.6
31,6.1
2651,5.6
2171,7.5
3692,6.4
610,4.2
570,7.2
2413,4.8
343,7.1
2390,5.6
2606,5.8
2644,4.1
3694,6.0
3965,4.5
3027,6.5
3046,6.9
3862,8.0
3693,8.2
1135,8.9
3406,6.8
1537,7.2
3669,4.6
2462,4.7
841,6.4
1600,8.3
3058,7.2
1744,5.5
1517,5.2
965,6.6
528,6.1
176,8.5
422,8.2
2600,4.7
4402,6.8
2475,6.1
1377,7.5
572,5.4
1728,6.7
2857,5.0
288,8.6
1829,6.0
2295,5.9
3203,6.5
2216,6.9
3652,6.1
4435,7.7
3539,6.6
3164,4.9
1746,5.3
2059,7.7
2301,6.8
383,8.2
3768,7.6
370,9.0
2354,6.9
2283,6.0
2495,8.3
4256,5.8
3416,6.4
1105,4.2
3193,6.1
1842,4.3
3975,7.3
2609,6.1
141,7.7
4261,6.1
491,7.0
1717,3.9
198,8.0
3339,6.8
4321,6.2
1171,7.2
1226,7.1
4049,8.1
1422,6.4
3583,5.2
2879,7.7
3938,3.0
3979,8.7
195,6.5
1556,7.6
3471,7.0
874,5.8
4243,3.7
4001,5.2
1891,3.2
2028,8.0
840,6.6
2446,6.6
581,9.2
3653,8.2
1641,4.4
2313,6.5
1732,5.0
905,7.5
631,7.2
2464,7.0
2144,4.8
162,6.7
2527,7.1
2697,7.6
3919,5.7
2596,4.9
617,6.2
3953,5.0
1431,5.6
925,5.8
4195,7.5
547,5.8
1952,5.8
3428,6.4
1566,6.4
1592,5.1
2285,8.3
2518,7.5
3787,5.1
3231,4.9
4409,4.2
611,7.4
1336,6.7
2669,8.2
640,6.2
930,7.3
2379,6.6
3380,3.8
742,7.4
637,5.6
1743,3.5
2807,5.8
3505,6.3
4180,3.9
3523,6.3
2378,6.5
1097,7.9
2357,7.3
48,6.7
4296,5.2
2577,4.2
921,5.9
2873,5.4
546,6.5
2926,7.3
756,7.3
2083,8.7
2876,7.0
1886,6.8
2130,5.8
4252,6.2
1642,6.6
2801,5.2
2274,5.8
2011,6.7
3396,5.9
3155,4.3
2045,7.1
836,7.5
2210,6.8
4277,5.4
2957,7.4
3076,6.0
2127,3.3
3390,4.1
1582,6.2
4119,7.2
2025,7.4
1070,6.8
4285,8.0
1283,6.8
2429,7.8
2963,6.2
4236,5.3
3838,5.3
3674,7.9
2856,5.3
1326,6.5
3608,7.8
3752,6.0
2978,5.5
2750,4.8
1651,5.7
3176,4.8
3533,6.3
2191,6.0
2092,5.6
4263,4.9
3883,5.5
1373,6.9
3811,7.0
3245,6.6
4420,7.0
1885,6.7
1727,6.2
867,7.1
926,6.4
3869,5.7
997,8.2
1337,6.5
3673,7.1
1099,8.2
1132,4.5
2037,5.8
2177,7.2
210,7.3
3426,5.8
2598,6.2
59,6.6
1211,4.0
4213,5.9
2067,5.4
2431,5.9
4395,6.3
3985,6.0
765,6.6
2561,6.5
3957,6.1
1078,6.8
2318,5.0
2329,7.2
2095,6.5
1751,3.7
1538,7.6
2493,7.3
1244,4.7
2519,6.2
582,6.6
3238,7.2
1961,5.4
1910,5.7
940,5.2
1080,6.8
187,7.9
2110,7.5
941,8.2
3855,8.5
3250,5.8
3755,4.7
4358,5.4
2148,5.4
3806,6.1
1765,7.4
3007,6.2
226,7.2
3186,8.5
535,6.4
1833,6.5
3912,5.7
1404,7.1
2085,5.5
3388,5.5
697,8.2
1124,3.0
2024,6.5
2236,7.7
2330,7.6
1758,3.8
1778,8.2
586,8.5
2634,7.0
1400,5.6
3509,7.3
2509,5.8
2282,6.3
1037,4.8
208,7.8
2902,5.5
565,6.4
313,6.8
601,6.8
233,7.6
2316,7.5
931,6.8
3918,5.1
3933,4.2
1036,5.7
111,8.0
2858,3.7
1089,6.7
3347,7.8
1754,5.6
230,6.9
2441,6.5
2189,4.7
1033,4.8
472,5.9
2019,8.5
2555,5.7
3503,5.2
2850,6.7
3418,8.0
1127,4.5
3728,6.6
3845,6.3
3681,6.4
2759,8.0
2664,6.2
2208,5.9
3959,5.7
361,7.1
135,5.4
1134,6.7
2473,7.8
1151,6.7
4222,3.7
3295,7.5
3781,7.4
1830,3.9
1053,6.2
4038,6.1
22,7.3
4169,5.6
1653,6.8
3163,5.8
4246,6.1
695,7.8
2238,4.7
3206,2.9
420,7.7
2456,7.6
2728,6.6
460,6.5
1067,6.8
87,7.6
3269,6.4
2121,6.4
4077,9.2
2229,5.8
282,7.3
3014,5.4
3366,4.2
212,7.5
540,7.0
3515,5.3
3623,5.1
2881,6.2
1820,5.1
859,8.5
533,3.0
1368,4.5
3950,8.1
3432,2.4
597,3.3
3790,7.3
3856,6.5
3201,7.5
3414,6.2
662,7.3
4421,3.3
3786,7.0
4333,3.6
4206,7.5
2411,8.1
660,6.5
4400,5.3
1420,9.2
2672,5.7
1553,6.3
942,5.7
4319,8.1
779,7.3
2078,4.5
2691,6.0
3554,7.5
4365,6.6
3389,6.9
121,5.2
3677,7.7
887,6.8
3453,4.0
685,5.5
2476,6.2
1967,3.0
3223,7.0
2525,7.1
413,7.1
789,7.0
4041,6.3
2661,5.8
3383,5.7
3384,6.2
1850,5.8
3726,3.9
1688,5.7
2073,5.4
1425,6.6
2603,5.9
272,8.6
782,6.8
521,6.8
522,6.3
2267,8.5
2407,6.4
3610,5.9
3944,8.4
3642,6.4
350,7.7
2232,6.3
2776,6.4
2836,6.9
3810,6.2
2256,6.7
1511,5.3
1882,6.1
651,7.9
3853,6.1
2117,5.1
3520,5.8
369,8.5
4298,5.6
2114,5.4
118,7.1
2647,3.2
2417,6.8
168,6.6
2828,5.8
1613,3.7
835,2.7
1405,6.7
4009,6.1
2269,6.9
962,7.2
945,6.3
462,6.5
2348,6.2
328,7.2
2714,7.7
4151,5.7
3062,6.7
2311,6.8
2415,6.5
1360,4.5
2287,6.4
367,7.4
4147,4.4
2483,6.7
4228,4.1
3665,2.8
2665,6.4
2659,3.9
1375,8.1
4093,4.4
772,7.1
1284,5.2
3945,4.1
1514,2.8
4224,6.2
3815,5.4
498,6.6
1414,6.2
1234,6.6
2794,9.6
435,7.9
1674,6.8
1251,6.6
365,5.3
2123,4.0
1849,7.7
231,6.6
276,4.1
3210,3.2
3462,5.7
2721,7.0
4196,5.1
1506,6.9
407,8.1
3932,5.6
1644,5.1
4122,5.1
2131,4.1
86,6.8
4425,4.0
2973,6.8
844,7.4
3824,6.0
2576,6.1
855,6.2
78,6.0
4054,9.0
3990,6.3
2325,6.1
2989,7.7
3286,5.8
4126,5.8
4189,4.6
424,6.8
392,4.7
4216,6.2
104,7.2
1948,6.3
1459,6.2
3303,5.0
3337,6.8
2636,4.0
3703,8.8
1587,5.1
2922,5.3
1731,9.4
4207,7.8
3280,7.2
1791,6.3
1940,5.9
702,7.3
2250,6.0
4092,6.8
464,7.4
3759,6.4
3630,5.1
3895,7.0
2450,7.8
4439,4.6
3297,8.1
900,6.1
1446,5.4
3658,6.6
741,7.9
2099,4.5
3241,7.1
1206,6.4
509,6.3
2097,5.0
2242,6.0
3844,7.0
2044,7.7
767,5.3
4342,5.8
4275,8.6
421,6.6
123,7.7
3346,5.9
3867,6.5
819,6.8
1403,8.6
1382,6.5
1575,4.5
1638,7.0
1795,7.2
4292,6.3
399,7.1
3569,5.9
3878,6.5
2312,4.7
1352,9.3
3615,6.1
4023,7.1
982,6.6
456,7.0
3747,3.7
3599,7.5
1950,4.7
3587,6.5
3438,4.4
641,7.2
1953,5.0
2689,6.9
2663,3.5
4248,4.6
2337,4.8
1884,6.7
3793,5.1
4223,3.6
3363,5.4
845,5.6
542,6.5
91,6.5
3093,6.7
1979,5.7
2249,6.0
3244,5.4
3184,5.9
3936,9.1
1048,6.3
1960,6.8
237,7.4
3516,7.7
1133,4.9
1805,6.9
4346,7.2
163,7.5
3558,9.3
3025,7.2
2754,3.3
3475,7.1
3271,7.0
3133,4.8
1811,6.5
2478,5.8
3619,7.7
2884,5.3
2722,5.8
2706,2.2
3868,9.3
4144,2.5
2254,6.7
1452,6.9
593,5.4
41,6.4
560,7.9
2341,5.9
2423,8.0
243,8.1
1339,8.0
2226,7.6
3022,7.5
1442,5.7
261,7.5
2215,6.6
1689,6.8
1725,6.0
3227,4.3
834,6.9
1866,4.1
2010,6.4
340,6.7
1601,5.7
2392,6.1
4185,6.6
480,7.7
3101,3.3
4133,6.1
4082,6.2
3172,4.8
1766,5.8
3887,6.0
2298,7.0
3707,6.2
3778,5.7
2934,6.9
1271,6.7
2453,6.3
3928,8.4
2465,7.4
347,5.1
4308,5.3
4120,5.9
4085,6.7
1423,6.9
656,7.0
2102,6.4
632,7.2
2562,8.7
2924,4.3
2638,6.5
3497,6.0
1465,6.3
4008,5.4
115,6.1
4005,7.9
1494,5.3
1232,2.4
2293,5.9
1153,5.9
3063,3.4
57,7.9
3536,3.3
4403,7.3
1735,5.4
2196,6.7
2837,7.2
2517,5.1
2918,7.0
707,9.9
1093,6.9
2844,5.8
1376,7.7
72,7.1
1922,7.7
2528,7.5
1764,6.4
743,6.7
2299,8.2
1005,7.4
1190,4.1
1125,7.5
1241,8.2
3325,7.0
3571,7.3
998,5.4
1577,7.0
4268,5.4
1826,6.3
3151,4.7
4444,3.4
2823,7.1
440,8.8
1100,2.3
4419,5.9
649,9.0
1546,6.8
2825,6.5
2666,6.6
630,6.6
672,6.5
1249,8.8
482,9.0
1584,7.3
4123,6.2
1462,5.9
3127,5.7
3316,4.6
49,6.4
3538,6.6
2653,7.4
858,6.9
1072,5.4
719,7.3
3138,7.0
1660,6.5
1656,7.3
2813,6.4
4225,8.2
4431,4.4
2640,4.4
3892,6.3
4235,6.9
3293,6.7
1385,6.2
3285,5.5
1399,7.2
1195,8.4
1408,6.5
3341,6.4
1798,6.5
1475,2.4
3502,8.4
35,6.0
2827,5.8
2532,7.5
2206,6.6
2998,4.9
1286,3.0
349,3.4
3449,6.2
4153,5.2
1681,6.8
1443,6.1
2588,6.2
1671,6.1
1179,7.3
3352,5.4
3825,6.1
2882,7.1
1916,6.8
1357,6.1
1825,8.8
786,7.3
469,8.3
140,5.5
788,7.6
323,7.6
4291,7.7
714,7.5
3911,6.1
4290,8.7
3788,7.0
4095,5.6
2402,8.2
406,5.0
3270,7.3
1004,6.4
890,7.0
2741,4.8
3134,5.5
3651,2.2
4172,1.9
303,9.0
3954,7.5
2983,5.5
664,7.1
1177,4.2
1947,4.4
3654,5.3
2132,7.1
3567,5.9
961,9.8
2009,6.3
2149,7.0
2650,6.6
2338,5.1
4452,5.3
304,6.7
4072,6.2
1496,6.0
916,7.3
4063,7.4
2964,6.9
1624,6.3
3053,7.3
821,7.0
2633,7.2
1354,2.7
3921,5.5
3980,5.2
1000,7.5
18,7.3
1637,6.5
1667,7.0
493,6.7
3282,7.1
3050,5.8
687,5.3
2971,7.3
1608,5.7
3246,7.0
3463,6.5
1009,2.2
1092,7.7
1327,7.5
1677,6.0
1999,7.0
1310,4.9
1987,6.5
4007,6.9
344,6.9
3279,7.8
986,6.7
3065,5.7
3617,4.9
3179,5.5
2463,4.4
1142,6.9
2358,7.4
1198,4.2
85,6.5
1518,7.4
3334,7.9
1381,5.8
2457,8.1
1014,7.1
128,6.6
1364,6.7
2893,4.0
3737,6.7
891,6.7
3413,4.5
1359,4.3
307,7.4
1661,6.4
3129,9.1
1317,9.3
3565,8.1
3487,4.4
1208,3.6
3949,6.7
3544,5.9
2439,6.1
1239,4.4
2289,5.1
275,6.9
489,7.8
3834,6.1
1229,7.5
4020,5.5
3224,7.5
2536,6.8
3361,4.6
1058,5.9
2166,6.6
281,7.7
2848,3.5
1316,8.8
968,6.9
4074,6.4
4114,5.9
2522,7.4
2809,7.1
619,7.0
2579,5.7
1742,4.4
3978,7.3
3217,6.0
1847,5.3
1579,6.4
1655,7.1
2352,6.8
2212,6.8
2020,4.9
1956,5.7
1307,5.3
2003,6.1
575,5.5
3816,5.9
1706,6.8
2979,5.1
2929,4.4
3641,4.7
861,6.7
1801,8.3
1628,5.5
1993,3.3
269,6.3
629,6.0
2334,6.6
300,6.7
459,6.1
1447,5.5
1472,5.0
2046,8.1
3435,6.9
2996,6.2
2113,6.4
3578,5.3
3540,6.4
837,7.2
4219,5.6
2008,7.1
4372,6.1
503,8.3
2554,7.9
3767,3.6
380,8.1
4288,7.5
1525,7.1
3415,5.0
2575,6.6
2340,6.0
374,8.4
3088,4.3
2381,6.2
4042,4.0
939,5.1
3064,3.7
3349,4.7
2147,4.5
3039,5.2
2068,4.4
529,6.2
2970,6.8
636,8.0
1269,6.4
185,6.7
3289,4.9
2534,4.5
2755,5.2
1797,3.5
1441,7.1
2732,7.0
1535,7.0
1273,8.6
3264,6.8
607,2.9
1712,7.7
2199,7.3
955,4.2
4371,3.9
2694,5.0
403,6.5
2071,6.4
4079,7.3
1977,5.5
158,8.3
1748,5.1
2821,4.9
902,7.3
352,6.7
1230,8.8
4163,4.2
2140,6.6
444,7.4
4406,7.0
754,6.7
1737,8.1
4436,5.3
311,7.1
548,6.3
4280,7.3
3849,4.1
306,7.7
2335,4.7
694,5.8
2356,4.1
1927,7.0
3731,7.3
749,6.7
3492,7.8
1266,6.4
2619,8.6
4100,6.9
3167,7.3
970,7.5
13,6.7
873,7.3
808,5.6
514,7.1
3885,7.0
409,7.4
2716,6.9
3640,6.0
207,7.4
2570,9.0
458,9.9
2770,6.5
2430,7.0
2920,5.6
3530,4.3
3958,6.2
3212,6.1
1883,5.8
1713,6.7
3148,7.3
3508,7.6
552,5.1
1439,4.8
2270,5.8
4260,6.3
1925,6.8
634,7.0
4289,4.5
316,6.1
3501,5.8
4190,6.1
1328,6.0
427,6.7
4362,6.6
105,6.9
142,7.2
2169,6.9
2656,3.8
3820,4.9
2241,6.7
2763,6.4
2163,5.6
1949,5.8
1768,6.6
2272,6.6
1,7.2
2617,6.9
4415,4.7
1951,7.3
3256,7.2
3551,6.4
3774,6.0
1109,6.5
3458,7.0
591,6.6
1695,6.2
2718,7.5
1576,7.6
4039,6.8
213,7.9
778,6.9
3467,6.8
2992,5.9
2043,7.6
3999,8.1
2798,6.4
3035,4.9
1567,6.7
3678,7.6
4205,5.2
3215,7.6
4387,8.2
1343,7.5
2013,6.9
273,8.7
71,5.9
1087,8.0
394,8.2
583,6.6
1367,6.0
4442,4.6
3248,3.9
2548,4.8
3273,5.3
4266,7.3
3178,5.3
2819,7.7
1763,5.9
3659,6.7
1259,5.1
3989,7.7
2253,5.3
526,7.1
377,6.3
1559,7.8
3041,7.5
1963,7.5
4220,7.5
348,7.1
3881,4.0
2246,5.6
3350,6.4
1709,6.8
1050,7.0
590,6.8
519,3.6
3917,5.3
3290,5.1
2477,6.7
1083,5.3
2865,6.2
4257,7.0
3942,6.3
1294,7.5
1809,6.7
791,7.8
792,6.8
3402,4.5
1980,6.1
4262,6.8
2698,8.0
1530,7.0
1410,7.3
3549,8.3
4013,7.3
83,7.1
3813,8.6
2350,6.7
20,7.4
4343,6.0
1562,7.5
973,6.8
1710,5.3
3165,6.9
1098,4.8
3560,7.5
886,5.8
3858,4.6
4066,6.1
3751,6.8
515,7.9
737,4.7
1453,6.5
4345,3.2
4352,6.0
2506,6.5
2126,6.2
906,8.0
2991,5.6
3568,4.4
2507,7.1
2428,5.4
947,6.2
3029,5.2
3233,4.3
715,7.2
3966,6.6
686,7.3
703,3.0
2353,5.7
2257,6.0
3660,6.8
21,7.4
885,7.7
3704,6.6
917,6.6
2990,5.6
2986,7.4
4026,7.7
4341,6.2
1265,4.6
483,7.0
3670,4.8
1219,6.5
277,7.4
988,6.3
2084,7.8
1245,7.5
2382,7.9
571,8.5
1435,6.7
993,6.2
2753,4.3
2749,5.7
585,6.5
2921,5.3
2514,5.6
1349,7.1
1007,7.3
674,6.5
2412,7.4
447,8.2
2771,4.7
3639,7.2
2064,8.0
3846,7.5
3033,6.9
1690,7.1
4010,5.7
1247,5.8
1985,7.3
294,7.1
1547,6.8
2012,6.7
588,8.1
2403,7.1
2129,7.3
3720,5.3
3563,7.5
3864,8.1
425,4.4
2582,7.5
1054,6.3
4043,8.4
556,6.6
3668,3.2
3132,6.5
4203,5.3
3713,6.4
4201,6.1
3857,6.5
1193,8.3
1716,5.8
2604,6.8
3296,5.1
1704,7.2
2618,5.5
2400,6.3
2139,6.9
2383,8.1
3116,4.9
1285,3.0
3020,8.5
3276,4.2
3880,7.6
2087,7.8
1889,5.1
1591,5.5
1346,6.1
3818,2.8
2162,3.0
2396,5.4
2909,6.3
2271,8.1
4125,5.1
1137,4.0
3466,9.2
972,6.7
795,7.8
1711,7.3
4187,7.4
453,7.5
913,4.3
3243,6.8
1199,4.7
1274,4.2
2375,5.5
37,7.4
974,6.8
983,5.8
3235,6.4
1418,5.7
1560,5.8
39,7.9
1486,6.8
3089,5.9
169,7.0
1355,7.5
3690,7.0
3697,8.4
4232,5.5
3181,7.2
2682,3.2
3897,6.0
1640,4.1
1290,3.9
1380,6.7
1933,5.5
579,7.5
3424,5.8
2030,6.6
892,6.8
780,5.8
159,8.5
2,6.4
3909,6.9
4002,8.0
849,5.0
4084,4.9
2466,4.9
2915,3.9
1596,6.1
1776,8.5
1913,6.9
1043,6.5
1544,6.8
2736,6.7
2952,6.5
53,7.4
1796,5.4
1911,7.5
3526,4.8
2553,7.0
2800,9.4
3247,7.1
3956,7.4
824,3.6
4221,7.8
1389,5.8
3976,9.2
3049,5.8
1607,3.8
1594,5.0
771,7.1
2611,3.8
2273,7.0
1868,5.8
1085,9.2
3306,7.4
1325,9.3
1463,3.9
806,4.7
2974,4.1
3002,6.8
2108,5.2
4265,4.4
4414,4.6
2234,6.4
963,8.7
3103,5.4
398,6.4
2632,7.1
4324,7.1
704,7.0
431,7.8
292,7.4
4337,7.5
145,5.4
3317,6.5
2033,6.4
3410,6.4
1165,5.6
2050,6.6
2624,5.2
3708,5.8
339,7.4
3797,4.7
265,6.4
2424,6.8
3771,6.4
1771,7.1
271,7.2
696,7.7
747,7.4
244,4.4
317,7.6
476,4.5
2032,6.6
957,6.3
3038,3.0
813,6.9
1914,6.1
4101,6.6
1297,4.8
1804,4.1
3495,5.3
250,6.9
2461,3.8
545,8.6
738,7.8
310,6.0
1131,4.2
1449,7.6
4382,6.5
15,5.8
2769,5.0
920,5.7
3401,6.8
2544,6.6
3898,7.9
363,7.0
182,7.2
1194,6.2
2852,7.5
2997,4.7
1121,6.7
2235,4.0
2667,5.6
1182,7.3
3548,5.7
614,6.2
1466,7.1
401,7.2
934,4.9
2419,6.1
3200,5.2
2641,7.2
4255,7.2
726,7.2
826,7.5
1521,3.1
4230,5.1
4239,6.2
136,8.5
628,4.9
334,8.1
390,5.8
3718,4.7
1817,6.4
400,7.2
710,6.8
1039,7.5
4448,6.3
46,7.4
1561,5.3
4276,2.8
4075,7.7
1112,7.1
2513,4.7
1223,6.3
3226,5.0
2421,4.4
1508,7.5
1750,5.3
3647,7.2
1799,5.9
338,7.6
215,6.8
1341,4.9
4065,6.6
1520,4.0
3131,3.6
4015,6.8
2864,7.3
3633,6.2
2322,7.2
2571,5.6
2913,4.7
101,7.6
3537,6.8
171,3.9
107,8.1
3399,5.8
4446,4.8
3550,6.2
3229,6.5
4401,4.1
3288,7.3
3485,6.5
3628,7.8
3765,6.1
4132,8.0
1040,8.5
3382,7.6
2760,4.3
2120,5.2
1524,6.4
153,7.7
2248,6.3
481,3.8
3441,7.0
3574,7.7
3292,3.0
1762,5.9
3947,5.6
1785,7.6
3351,6.6
3308,6.1
405,6.6
757,6.8
2711,4.2
2670,6.1
3166,7.4
97,7.1
1333,7.4
3852,7.2
2791,7.3
2854,7.2
186,7.8
3180,7.3
3821,8.4
2058,5.6
3405,4.2
148,9.0
28,7.8
3310,5.8
3185,7.8
692,7.3
2866,6.8
1386,6.0
1845,7.9
3315,5.0
1599,7.1
3866,6.8
701,7.6
3028,7.6
2969,6.1
1708,6.2
2953,5.9
454,7.2
2868,6.5
2040,5.7
3386,7.3
2315,5.3
609,7.8
167,6.5
730,7.0
3827,4.6
2074,6.7
3209,5.1
1622,6.9
587,7.3
1401,5.3
3045,3.1
1700,7.0
3528,5.9
2981,5.9
3812,5.1
1379,7.6
2089,4.3
2175,5.1
3802,8.1
3482,5.9
3109,6.1
2657,6.7
3927,7.7
441,6.0
3218,7.5
2051,5.8
2541,6.3
1301,5.8
1781,6.5
1304,6.2
236,7.4
2599,5.1
520,8.4
2573,6.6
2768,4.7
735,5.0
4194,7.5
2106,5.6
2679,6.9
2761,2.8
592,6.0
1303,6.1
1387,6.8
4186,6.3
3910,5.4
3588,3.8
2987,6.6
4385,4.6
904,4.6
4107,4.4
1279,4.9
3870,5.2
4366,8.0
2308,5.3
3850,7.7
3973,6.4
3836,5.8
706,6.9
4181,7.1
3070,6.7
745,5.5
1939,5.6
3750,6.7
2862,3.7
4178,5.5
513,6.6
81,8.2
4433,3.8
1308,7.5
4022,5.6
914,9.9
4281,6.4
2198,6.6
774,7.8
329,7.5
2054,6.4
2001,6.4
943,2.4
822,7.4
3983,7.0
909,5.1
2516,6.5
181,6.8
164,6.1
1523,5.6
451,4.7
2538,4.1
4044,4.1
1311,8.2
1111,5.7
4019,7.6
1287,7.0
3368,7.6
3626,5.3
3359,7.0
4032,4.2
3125,5.3
327,7.6
1790,7.2
2490,7.2
2006,3.5
2007,5.8
1858,4.2
4177,5.2
312,8.2
832,7.0
3079,7.0
1201,7.0
3725,5.8
3173,5.8
2134,6.3
2209,6.5
3734,7.5
1481,6.7
777,7.8
799,7.6
54,7.2
2972,6.9
1920,6.0
4141,3.6
3848,6.0
1701,3.4
2161,5.2
1136,4.6
987,6.7
3808,7.1
3470,5.4
3057,8.4
1394,6.1
2637,5.0
768,5.6
4193,6.0
3995,6.0
285,7.2
4396,7.1
428,3.8
2332,5.0
2717,7.5
2079,4.5
722,7.4
951,7.7
3683,5.6
2262,6.7
989,6.3
1759,7.7
3268,6.0
326,3.3
2608,6.8
1383,8.2
1724,6.4
1086,4.7
3888,6.0
341,8.3
147,8.9
3762,4.3
1107,6.7
848,6.6
966,4.1
4217,4.2
4062,6.9
2203,6.8
3573,4.4
661,6.6
1002,7.1
4011,6.1
4237,7.9
3770,7.1
4197,6.6
1879,5.0
4327,5.0
1203,5.5
1990,7.5
24,6.9
4325,4.4
3263,5.5
3357,6.1
3706,6.4
875,6.5
4229,4.3
938,7.0
2687,7.2
2394,5.7
4048,6.7
4437,8.7
385,6.9
3695,6.1
4050,8.0
3542,6.1
2291,2.9
3701,5.4
936,5.7
4137,4.9
2360,6.1
201,6.4
3208,4.6
1332,9.0
3016,5.4
2708,6.7
1934,6.2
935,6.8
2418,6.8
566,6.3
1854,5.6
3882,5.1
2872,6.4
3030,5.0
3904,8.0
2467,7.4
1645,5.0
3425,8.6
2861,6.5
1792,4.5
1430,6.0
2826,5.9
3100,7.5
3732,4.6
1013,7.5
1928,6.7
3622,2.9
3056,7.5
3671,3.9
126,8.1
3381,7.3
2935,3.0
3204,6.7
1347,7.7
3055,5.8
355,6.0
4150,4.5
2730,6.2
827,9.9
1639,5.6
3040,4.4
984,7.1
3281,6.8
4428,5.5
2188,9.8
4110,5.6
2443,8.0
362,6.5
2349,5.8
345,7.2
3326,6.4
4106,6.0
711,6.6
3205,7.1
3344,5.1
4272,7.7
3332,4.7
10,6.7
3889,7.5
2116,8.0
1834,5.1
793,7.3
4404,6.2
2802,6.2
2674,7.8
94,6.4
129,7.1
2891,5.6
2371,4.8
3603,4.7
3320,5.7
3228,5.5
4381,5.5
3971,6.2
2263,5.5
1900,6.5
3531,5.4
3861,7.3
3230,7.2
1932,2.6
3559,6.8
3459,5.7
2912,5.4
1865,4.1
1658,6.1
516,4.2
1857,7.0
2645,8.3
2243,5.9
1277,9.8
2336,6.7
950,8.0
3744,6.8
4033,7.8
1120,7.0
2597,4.8
2204,7.9
419,5.9
922,6.1
3547,6.7
477,8.9
2035,4.7
4302,7.1
1692,6.6
3566,6.9
4423,5.2
1471,6.5
2601,4.8
1202,6.9
2438,6.3
2626,7.3
1669,6.9
4295,5.4
1970,6.9
3110,6.2
2151,6.9
820,5.6
1997,4.7
4359,5.4
3054,7.4
1248,6.3
3541,6.2
2712,6.2
992,5.8
2190,6.8
4158,3.3
1046,6.0
1888,7.3
2469,6.1
2847,6.8
615,6.4
1318,7.7
1863,4.7
2343,5.1
2449,2.6
2136,7.2
3960,5.1
1772,6.7
4418,6.3
131,6.3
3663,4.4
77,7.4
2898,7.8
2052,3.5
3926,6.0
724,8.2
1314,4.8
3686,6.4
1851,6.8
2317,5.9
3698,5.8
4006,7.5
1372,7.8
1855,6.4
2965,6.7
3518,5.4
1319,7.9
2560,7.2
4363,8.5
3946,7.4
3496,6.9
375,7.8
1908,7.2
333,7.7
3629,6.0
3891,4.1
2365,5.1
1604,5.7
1118,3.8
4334,7.0
1943,5.6
2958,4.2
3644,6.6
4413,4.4
3661,3.9
2376,5.2
4076,7.3
1342,6.7
320,6.6
1619,6.9
3935,7.9
2060,7.5
2945,6.8
2219,5.6
1673,7.2
1942,4.8
260,6.5
3785,7.1
2039,6.7
689,5.7
901,8.1
2306,6.5
2026,4.6
2892,4.6
138,7.6
1917,8.7
1828,5.8
1573,5.6
319,7.2
653,6.9
2137,7.9
3733,6.1
558,8.3
2187,4.7
112,4.6
531,6.6
224,7.7
723,7.8
3907,7.9
2883,5.8
1141,8.2
1433,5.5
2373,6.7
3749,6.3
3371,5.1
4188,4.7
1458,6.2
3097,6.2
1415,4.5
2762,6.1
846,7.0
193,8.1
1464,7.8
2621,6.5
946,8.0
2021,7.0
2551,7.8
1629,4.0
2928,5.4
117,7.7
645,7.1
1870,6.1
3,8.3
74,8.0
1755,2.2
467,6.4
3393,7.1
5,7.4
1246,6.9
919,2.4
2595,6.2
228,6.8
1063,3.1
2590,8.1
242,6.4
2946,4.9
4127,5.7
1160,7.0
3754,5.9
4064,4.5
3598,3.8
2890,4.4
3421,3.5
2563,6.4
2671,7.1
1526,6.9
1605,6.0
4303,3.9
2324,6.2
2709,6.5
4083,4.0
1312,4.7
3448,7.0
1989,5.8
3780,7.6
2362,5.6
1975,5.8
3514,4.9
1761,5.6
3391,5.8
1305,4.4
2739,8.6
1541,4.7
4152,5.6
2472,6.0
2642,6.8
2795,6.6
3874,7.0
622,7.0
3724,6.5
1493,7.3
110,8.3
2275,5.9
3649,4.2
1169,6.6
3962,6.7
232,7.3
66,7.4
4030,7.7
1603,6.1
2072,7.4
3283,7.4
2192,4.6
536,8.4
2859,5.9
125,7.1
3545,9.0
2133,7.2
1254,4.9
4004,8.6
1976,7.6
3963,6.9
3741,4.4
2075,4.6
484,6.4
1654,5.7
1215,5.8
3086,5.6
3650,4.2
4025,6.0
3689,4.8
3345,4.7
3875,7.4
1774,6.0
2410,6.5
2797,3.5
918,6.4
1646,7.7
1026,6.1
1030,6.3
882,6.0
1335,6.4
2746,8.3
3580,8.2
2713,5.7
364,6.1
4315,2.2
3287,7.3
2125,6.3
27,6.5
473,6.8
525,7.1
725,6.2
55,8.6
638,7.4
302,8.0
2766,6.6
4155,6.2
1276,4.8
1890,5.3
624,6.6
2055,8.6
1280,5.6
2851,6.2
1049,5.7
336,8.1
47,7.3
2878,8.0
106,4.3
2397,7.0
1079,3.3
2286,7.2
2261,5.1
1144,7.1
4168,7.4
2296,6.1
2841,5.7
3144,7.2
1836,6.8
1753,5.6
1101,6.9
1968,6.0
3656,6.4
3117,7.1
2393,4.3
523,6.9
2280,3.2
2692,6.0
3841,5.3
2885,2.1
1428,6.0
2581,6.5
681,7.2
603,7.7
1489,7.5
3779,8.3
4306,8.2
3122,5.3
3930,4.1
60,6.9
1969,4.9
671,7.7
92,6.9
666,6.3
3981,6.2
1887,3.8
3266,5.3
280,7.2
1719,4.9
3666,5.1
359,7.0
899,7.7
3591,5.4
1935,4.7
4323,7.3
1994,7.6
3722,4.1
2895,6.8
3254,2.0
760,6.8
2158,4.8
1906,5.1
42,8.1
2173,5.7
204,7.4
1473,6.4
2100,6.3
2593,8.0
68,7.1
3676,4.5
1875,3.2
3579,6.3
2832,6.0
3833,7.2
3472,6.3
2231,6.9
137,7.1
2947,5.3
796,6.4
2180,5.2
2128,4.6
3634,5.4
3177,6.1
758,7.3
541,7.4
1019,5.9
3685,7.0
3031,8.8
3552,4.3
165,5.4
248,6.5
1331,5.9
2017,6.8
446,7.7
2482,7.2
2906,7.2
1358,6.4
2845,7.4
2145,6.3
1329,4.8
2853,7.0
2785,6.7
763,6.9
3493,6.4
2150,7.2
434,8.1
2122,2.2
577,9.6
2900,6.5
4154,3.6
3278,5.8
2966,7.6
3374,5.2
2814,4.1
4267,6.4
2448,7.7
1848,6.6
762,8.7
3037,7.3
388,6.3
235,7.3
1077,4.5
1984,6.0
267,6.6
3377,4.9
770,7.3
2165,5.8
437,8.2
673,7.7
249,8.0
2201,4.8
1574,8.1
3143,7.9
2142,9.0
3419,5.3
2081,7.7
1823,7.2
487,5.6
880,4.0
448,8.4
1469,7.2
716,7.2
3865,8.5
50,7.9
2048,7.3
1901,7.2
4028,6.0
3149,6.1
3156,3.0
1168,4.9
82,7.1
3529,6.8
3901,8.1
2724,6.4
3967,6.1
3044,4.8
3094,6.8
1460,6.1
2818,6.7
1893,7.4
1668,3.8
2756,9.6
2000,6.3
475,7.8
517,7.2
2870,5.8
404,6.3
384,7.1
3916,6.8
4116,5.8
2152,6.8
1633,8.0
4356,4.2
688,6.9
3931,7.7
2874,5.4
1240,7.0
62,6.1
3353,5.2
852,3.0
4271,3.2
3994,8.0
1262,7.1
223,7.5
2193,7.4
3136,6.8
373,8.6
1824,5.5
4099,7.7
3190,5.6
4360,6.0
4148,2.4
3322,8.1
3313,5.9
797,7.6
2871,7.8
9,8.0
2497,6.7
1944,6.5
1838,6.3
708,7.6
255,6.9
2930,6.4
1617,7.7
389,8.1
3940,6.8
3618,7.6
1581,8.1
2956,6.0
924,4.0
2799,5.3
3814,7.2
2508,5.2
3795,3.8
2036,6.0
3871,6.2
1224,7.0
3216,5.8
3006,6.2
2549,5.1
1946,2.4
3775,2.9
739,6.6
40,8.2
868,6.6
2779,5.4
539,6.0
3249,7.2
3387,5.6
2745,7.1
4249,3.0
4055,7.4
2723,5.9
1371,6.1
1145,7.0
1031,7.7
372,7.2
667,6.6
3479,7.5
3019,7.5
357,8.4
967,7.3
2831,3.2
2783,6.7
1353,6.1
1035,4.5
3018,7.2
470,8.4
2703,4.1
3330,7.7
3637,5.5
1396,9.5
3584,5.4
3908,7.5
4165,7.4
1549,7.4
3376,3.7
1256,5.9
2094,6.2
3473,5.9
3512,4.0
1555,7.1
4143,2.5
1250,6.8
1699,5.4
1252,6.9
4284,7.0
4301,3.2
3284,2.2
2933,6.5
79,7.7
1172,5.6
814,6.7
1852,5.2
2220,7.0
2719,5.4
684,6.9
4068,6.5
2105,5.0
133,6.4
1140,4.7
933,7.6
928,8.6
823,9.7
3480,6.3
4012,6.1
1531,8.2
1214,4.0
504,6.6
4430,2.5
2395,5.9
1996,6.1
2434,8.3
3072,6.4
1958,6.6
1384,5.7
894,7.2
828,7.3
455,7.0
2523,6.3
1683,3.5
4171,7.9
3709,8.0
4170,7.6
4091,5.6
652,6.8
172,5.8
3522,3.0
3197,6.5
38,7.1
3602,6.5
1881,4.8
713,5.9
90,7.8
2214,6.3
1205,9.0
2923,5.2
4253,5.7
1810,7.0
3486,5.7
3323,6.3
3141,3.1
1827,7.3
1155,5.0
1324,3.9
216,6.9
3398,4.8
510,5.0
1680,6.1
499,5.4
3998,5.9
1856,6.8
1388,4.8
1519,6.0
3719,4.4
2386,7.1
4251,6.6
3236,7.0
2076,6.8
1540,8.1
1217,7.2
2681,7.1
2842,4.5
2993,7.1
1416,8.5
2217,6.4
4071,6.3
1676,5.1
1197,7.8
1542,4.6
3301,5.5
4270,5.6
2960,5.3
2539,6.2
953,6.1
3145,7.4
3080,4.9
2635,5.1
750,2.2
2705,8.5
3914,6.1
234,7.8
732,7.3
1238,7.0
4240,6.0
1156,6.6
633,5.3
3294,5.8
2445,7.6
2982,7.3
1209,7.5
1065,5.6
3764,4.3
2156,5.1
1062,7.5
2616,6.6
1167,7.0
3222,6.0
3636,5.6
3555,5.5
1492,3.8
2938,4.6
2995,7.5
3096,3.7
3992,7.0
4204,6.1
3140,8.3
884,8.2
143,5.3
1390,4.4
3577,6.3
850,6.5
3635,8.1
3455,4.4
2782,6.0
717,5.7
1819,7.0
2502,6.7
264,7.5
75,6.1
3986,7.5
4320,2.2
2492,7.1
395,6.6
4108,8.1
2224,4.7
3090,6.0
4310,6.5
396,6.3
1365,7.5
4035,9.1
1903,6.3
595,6.7
2109,5.1
3952,6.9
1296,8.0
1821,7.2
872,6.4
2914,3.5
2264,8.0
2326,7.5
1548,5.4
3766,5.1
3440,4.4
3851,7.7
36,6.1
3807,6.8
4157,7.0
2710,3.6
4086,5.5
2143,7.6
1008,6.7
977,6.0
1571,6.1
1122,6.8
3760,4.5
2786,5.9
2239,6.4
2967,6.5
2504,4.3
1892,7.5
3465,6.6
675,6.7
2808,5.0
3068,6.2
3348,6.4
728,6.1
3491,7.2
3447,7.8
412,7.6
3146,8.2
1516,7.1
1649,7.2
3572,4.8
825,6.1
3267,5.0
3974,7.7
616,4.8
114,8.2
417,8.6
3069,8.6
1625,7.0
3017,6.0
4384,5.4
2652,5.2
4408,7.6
89,8.4
2896,7.3
4164,7.4
2082,7.5
753,5.9
2546,4.4
3324,8.5
3969,6.5
3373,4.6
1630,7.7
11,6.9
2444,2.9
284,6.6
4339,5.7
1066,7.3
3913,6.1
1191,7.8
1440,4.9
3648,7.5
3906,8.6
4317,6.4
4314,5.1
3498,4.8
2738,3.2
4238,6.6
4000,8.4
1568,5.3
2427,4.5
3746,8.5
2737,5.1
4134,6.5
1687,8.4
851,7.7
3546,5.9
2207,4.8
895,7.4
4059,5.1
496,6.4
2305,5.5
1782,6.3
335,6.7
2839,7.1
3087,4.2
1348,7.6
1015,7.4
2816,8.3
1631,6.7
2489,4.8
3730,6.2
3251,5.6
4129,5.3
2070,7.6
4351,2.6
1635,7.1
2479,6.9
2265,6.7
2959,7.4
3059,5.7
2141,2.7
3118,7.0
4215,7.7
4045,7.4
3356,4.3
2744,6.0
3506,4.7
1679,6.7
3147,7.4
2294,5.7
580,6.2
1470,4.3
4070,3.5
3343,6.8
3672,4.4
559,8.5
2849,7.8
512,6.2
1081,4.1
1664,6.2
1012,4.5
1931,7.9
1150,8.3
2838,6.0
116,7.6
740,5.3
4283,7.7
3675,5.0
830,8.4
119,8.1
4258,6.1
4226,8.8
635,7.0
4142,3.7
991,7.2
876,5.0
4,6.9
3051,7.0
3124,5.9
2660,8.3
2491,7.9
3854,7.5
1715,7.2
1148,5.6
3261,5.9
574,7.1
3769,5.8
3736,5.6
4146,6.1
853,5.7
1982,5.8
2774,5.6
1166,8.1
971,4.4
2701,5.5
3847,6.9
2368,7.8
4115,4.5
4131,6.0
2950,3.3
524,8.2
2455,6.0
1841,3.4
537,7.6
2806,4.4
3175,6.2
784,8.0
4057,6.2
1409,6.5
2537,5.9
154,8.8
3009,6.1
1686,6.6
2901,7.1
4407,7.1
3863,6.7
2733,6.5
1895,6.9
569,6.7
1816,6.0
2065,6.8
127,8.2
3394,4.0
3327,8.2
4441,6.4
2975,5.0
980,5.9
2300,5.1
190,7.7
1139,6.7
699,7.1
4259,7.6
606,7.2
301,7.2
3420,4.9
4394,7.7
1060,7.4
2565,5.1
4449,6.0
1069,7.1
2524,3.5
2205,5.7
1243,5.6
16,5.2
3120,6.7
815,8.5
3067,7.7
959,6.3
225,7.5
3354,7.1
2485,5.3
562,2.5
3436,5.6
1693,6.9
1045,6.2
3446,7.9
954,6.0
2735,7.7
4369,3.5
1218,8.5
1527,7.2
3987,6.5
1300,7.5
160,7.6
4067,6.5
956,9.0
3791,7.4
3234,5.6
2869,7.1
3777,6.4
2961,6.9
2200,6.9
98,4.7
2557,8.1
3183,6.1
253,7.8
3923,5.6
4199,4.0
1445,6.9
1648,7.3
3991,7.7
1696,6.5
3191,6.2
1154,6.4
2255,7.2
1682,6.2
3170,6.3
2056,5.4
4090,6.0
3108,7.2
3723,4.4
2049,7.0
3643,5.6
4388,6.6
623,7.2
262,7.3
3369,6.5
4061,6.7
1802,4.8
4447,2.7
2385,6.9
1959,7.0
2976,7.3
488,5.4
1843,6.2
1734,4.7
2911,5.8
3219,6.8
146,6.0
1986,6.3
1369,7.1
2811,4.3
659,8.9
1794,6.6
2511,6.8
3397,4.3
4282,4.1
1147,7.3
3272,7.9
608,7.7
3582,6.4
1930,7.0
197,8.8
2931,5.4
2327,7.6
766,6.3
4218,7.0
3255,5.8
202,7.1
3510,6.2
1733,7.4
2777,6.9
1707,5.9
3474,8.6
854,7.2
4097,6.6
2160,7.8
698,7.7
4405,7.4
2999,7.0
3696,6.8
1636,6.8
3457,5.9
3581,6.3
1291,7.4
1853,6.7
3763,6.4
3304,5.6
4375,6.7
3743,6.8
3445,2.7
1998,7.0
663,6.3
3748,4.1
709,4.2
1282,6.6
2675,7.4
4029,4.1
1306,7.5
2237,6.6
3302,6.5
2038,6.5
1529,9.2
1663,6.3
4393,6.5
4411,7.2
3627,5.4
2693,7.3
3060,6.5
1597,6.4
2729,5.3
2625,3.5
3157,8.2
3314,6.9
1722,7.3
1059,4.7
3242,6.2
1678,6.7
1757,7.9
4191,4.5
563,8.1
2790,8.5
863,6.4
1484,6.3
206,7.6
870,6.0
502,5.7
1028,6.2
3840,4.2
2690,8.0
1570,6.6
2773,5.9
2731,7.1
804,6.0
3645,4.4
2454,5.3
3104,7.1
200,5.7
3099,5.3
2278,5.8
3561,6.3
391,8.4
1495,2.5
2695,6.6
2027,4.1
2568,4.5
64,5.2
3884,8.3
2062,7.2
492,7.5
379,8.5
3993,7.0
1076,8.0
878,8.0
337,7.8
1016,7.3
1275,5.8
3798,6.8
3342,9.4
995,8.0
1981,6.9
4297,7.8
161,7.5
1500,7.7
3843,5.9
2613,7.3
3461,7.1
1021,5.2
3073,7.4
3943,4.0
1585,6.6
1955,6.5
3152,7.3
34,7.0
4014,5.8
775,7.1
2556,7.2
1478,6.3
1363,6.3
2612,2.4
2824,8.0
2041,7.0
241,7.8
2061,5.4
2363,6.3
600,7.9
2435,7.1
2888,3.8
646,6.3
3890,6.5
3556,5.6
3202,3.4
1528,6.8
1267,3.8
1899,4.0
3005,6.9
2734,7.6
189,6.9
1806,6.0
975,7.0
2747,6.9
2047,7.4
2558,6.6
1082,3.7
474,7.1
2904,5.5
4117,6.4
3385,7.9
1184,6.0
2433,5.4
2391,7.7
769,7.3
1685,5.2
130,7.6
2919,2.5
3171,4.3
3444,3.5
4426,7.6
466,4.2
3092,3.1
3772,7.7
860,6.6
