price,Displacement,Odometer,Stroke,Year,Weight,Engine Torque,Fuel Capacity
11995.0,125.0,35.0,4.38,2022.0,754.8326035911603,78.228,6.0
31995.0,1868.0,5.0,4.5,2022.0,756.0,122.0,6.0
33995.0,1868.0,81.0,4.5,2022.0,756.0,118.0,6.0
11995.0,1923.0,1354.0,4.5,2022.0,754.0,125.0,5.0
7499.0,249.0,20357.466614906833,3.8,2022.0,754.8326035911603,92.6,1.64
18500.0,1160.0,10.0,4.374,2022.0,754.8326035911603,92.0,4.03
11999.0,1801.0,20357.466614906833,4.5,2007.0,754.8326035911603,125.0,5.0
11500.0,900.0,418.0,4.374,2022.0,754.8326035911603,99.5,6.0
25995.0,1050.0,20357.466614906833,4.375,2017.0,754.8326035911603,98.8,5.0
29995.0,1868.118,600.0,4.5,2021.0,756.0,118.0,6.0
20995.0,1753.409,117.0,4.374,2021.0,754.0,109.0,5.0
21995.0,1753.409,2070.0,4.374,2021.0,756.0,111.0,6.0
25995.0,1868.118,1331.0,4.5,2021.0,756.0,118.0,6.0
30450.0,1868.0,3367.0,4.5,2021.0,756.0,122.0,6.0
31999.0,1868.0,2225.0,4.5,2021.0,756.0,122.0,6.0
35853.0,1917.279,4002.0,4.5,2021.0,756.0,125.0,6.0
29199.0,1868.118,2884.0,4.5,2021.0,756.0,118.0,6.0
29995.0,1868.118,6004.0,4.5,2021.0,756.0,118.0,6.0
29995.0,1868.118,790.0,4.5,2021.0,756.0,118.0,6.0
29999.0,1868.118,5830.0,4.5,2021.0,756.0,118.0,6.0
35853.0,1917.279,4017.0,4.5,2021.0,756.0,126.0,6.0
32495.0,1868.118,6171.0,4.5,2021.0,756.0,122.0,6.0
7000.0,1868.118,9489.0,4.5,2021.0,756.0,122.0,6.0
29987.0,1868.118,2166.0,4.5,2021.0,756.0,122.0,6.0
29995.0,1868.118,6976.0,4.5,2021.0,756.0,118.0,6.0
32995.0,1868.118,1347.0,4.5,2021.0,756.0,118.0,6.0
29995.0,1868.118,23.0,4.5,2021.0,756.0,118.0,6.0
30995.0,1868.118,3078.0,4.5,2021.0,756.0,118.0,6.0
32799.0,1868.118,1889.0,4.5,2021.0,756.0,118.0,6.0
30995.0,1868.118,2899.0,4.5,2021.0,756.0,118.0,6.0
15495.0,1868.118,600.0,4.5,2021.0,754.0,119.0,3.5
19995.0,1868.118,1546.0,4.5,2021.0,754.0,118.0,3.6
18495.0,1868.118,2436.0,4.5,2021.0,754.0,119.0,5.0
14999.0,1753.409,2813.0,4.374,2021.0,754.0,110.0,3.5
15100.0,1753.409,4817.0,4.374,2021.0,754.0,110.0,3.5
22995.0,1746.0,1011.0,4.38,2021.0,754.8326035911603,105.5,6.0
22995.0,1573.152,1033.0,4.38,2021.0,754.8326035911603,73.0,6.0
11249.0,1131.0,7249.0,4.374,2021.0,754.8326035911603,73.0,5.0
19995.0,1687.861,1140.0,2.808,2021.0,754.8326035911603,100.3,5.0
11495.0,1202.806,946.0,3.8,2021.0,754.0,73.0,3.3
11495.0,1202.806,121.0,3.8,2021.0,754.0,73.0,2.1
12295.0,1202.806,2105.0,3.8,2021.0,754.0,73.0,2.1
12994.0,1202.806,20357.466614906833,3.8,2006.0,754.0,73.0,2.1
10995.0,883.259,20357.466614906833,3.811,2005.0,754.0,53.8,3.3
9999.0,883.259,20357.466614906833,3.811,2017.0,754.0,53.8,3.3
3995.0,270.0,190.0,4.374,2021.0,754.8326035911603,110.0,6.0
5399.0,286.0,1457.0,4.5,2021.0,754.8326035911603,53.8,2.96
27999.0,1689.5,2355.0,4.374,2021.0,754.8326035911603,78.228,5.0
27499.0,1689.5,6588.0,4.38,2021.0,754.8326035911603,126.0,6.0
20995.0,999.0,255.0,2.929,2021.0,754.8326035911603,76.7,10.0
10995.0,510.9,779.0,2.808,2021.0,754.8326035911603,124.0,6.0
5995.0,1202.806,109.0,4.449,2021.0,754.8326035911603,100.0,5.0
6295.0,124.8,150.0,3.0,2021.0,754.8326035911603,81.18,1.95
5995.0,124.8,60.0,3.0,2021.0,754.8326035911603,104.7,1.95
17999.0,2458.0,2033.0,4.375,2021.0,754.8326035911603,93.7,4.7
14499.0,1868.118,1546.0,4.38,2021.0,754.8326035911603,116.0,5.8
29999.0,1450.0,3340.0,4.5,2020.0,754.8326035911603,91.0,6.0
23299.0,660.0,3848.0,3.959,2020.0,754.8326035911603,104.7,6.0
8995.0,1753.409,1723.0,4.38,2020.0,754.8326035911603,100.0,6.0
23995.0,1746.0,1261.0,4.374,2020.0,754.0,104.7,5.0
23995.0,1689.5,1278.0,4.374,2020.0,754.0,110.0,6.0
23995.0,125.0,2186.0,4.375,2020.0,754.0,105.0,3.3
21490.0,1746.0,6200.0,4.374,2020.0,756.0,111.0,6.0
20995.0,1746.0,20357.466614906833,4.374,2021.0,756.0,111.0,6.0
4714.5,1868.0,2801.0,4.5,2020.0,756.0,121.0,6.0
32995.0,1868.0,20357.466614906833,4.5,2020.0,754.8326035911603,113.652,6.0
35853.0,1917.279,5016.0,4.5,2020.0,756.0,125.0,6.0
35853.0,1917.279,20357.466614906833,4.5,2013.0,756.0,125.0,6.0
19995.0,1917.279,4122.0,4.5,2020.0,756.0,125.0,6.0
14999.0,1746.0,20357.466614906833,4.375,2020.0,756.0,111.0,6.0
24999.0,1746.0,379.0,4.375,2020.0,756.0,111.0,6.0
23995.0,1746.0,8921.0,4.375,2020.0,756.0,111.0,6.0
30494.0,1868.0,20357.466614906833,4.5,2003.0,756.0,123.0,6.0
13990.0,1868.0,4212.0,4.5,2020.0,756.0,123.0,6.0
35853.0,1917.279,6783.0,4.5,2020.0,756.0,124.0,6.0
35853.0,1917.279,3617.0,4.5,2020.0,756.0,124.0,6.0
20749.0,1753.409,6294.0,4.375,2020.0,754.0,108.0,5.0
17995.0,1753.409,339.0,4.374,2020.0,754.0,110.0,5.0
5999.0,1868.118,8562.0,4.5,2020.0,756.0,122.0,6.0
31995.0,1868.0,4016.0,4.5,2020.0,756.0,123.0,6.0
30995.0,1868.0,5685.0,4.5,2020.0,756.0,123.0,6.0
29995.0,1868.0,1009.0,4.5,2020.0,756.0,123.0,6.0
28990.0,1868.0,16300.0,4.5,2020.0,756.0,123.0,6.0
13495.0,1868.0,10079.0,4.5,2020.0,756.0,123.0,6.0
15995.0,1753.409,9862.0,4.374,2020.0,754.0,110.0,3.5
16494.0,1753.409,19.0,4.374,2020.0,754.0,110.0,3.5
15995.0,1753.409,5109.0,4.374,2020.0,754.0,110.0,3.5
18995.0,1868.118,159.0,4.5,2020.0,754.0,118.0,3.6
18995.0,1868.118,20357.466614906833,4.5,2020.0,754.0,118.0,3.6
15999.0,1753.409,20357.466614906833,4.375,2016.0,754.0,110.0,5.0
17999.0,1868.118,1723.0,4.5,2020.0,754.0,119.0,5.0
17999.0,1868.118,2390.0,4.5,2020.0,754.0,119.0,5.0
13999.0,1753.409,5790.0,4.374,2020.0,754.0,110.0,3.5
11499.0,1202.806,81.0,3.8,2020.0,754.0,73.0,3.3
11995.0,1202.806,193.0,3.8,2020.0,754.0,73.0,3.3
12495.0,1202.806,3823.0,3.8,2020.0,754.0,73.0,2.1
12999.0,1202.806,524.0,3.8,2020.0,754.0,73.0,2.1
12995.0,1202.806,2379.0,3.8,2020.0,754.0,73.0,2.1
9994.0,883.259,542.0,3.811,2020.0,754.0,53.8,3.3
9295.0,883.259,4867.0,3.811,2020.0,754.0,53.8,3.3
9995.0,883.259,547.0,3.811,2020.0,754.0,53.8,3.3
20999.0,1811.0,3651.0,4.449,2020.0,754.8326035911603,119.0,5.5
20995.0,1200.0,1151.0,4.374,2020.0,754.8326035911603,92.0,5.0
18995.0,1301.0,20357.466614906833,2.769,2003.0,754.8326035911603,123.0,5.0
5495.0,1573.152,90.0,4.375,2020.0,754.8326035911603,95.2,6.0
5499.0,84.9,97.0,3.0,2020.0,754.8326035911603,104.7,6.0
11995.0,350.0,10976.0,4.374,2020.0,754.8326035911603,119.0,4.81
20495.0,1746.0,4584.0,4.374,2020.0,754.8326035911603,114.0,3.3
7495.0,942.0,1609.0,3.959,2020.0,754.8326035911603,70.8,3.4
22999.0,1130.0,7428.0,4.374,2019.0,754.8326035911603,100.0,6.0
22499.0,1202.806,41483.0,4.374,2019.0,754.8326035911603,105.5,6.0
19995.0,1868.0,8499.0,4.5,2019.0,754.0,119.0,5.0
20999.0,1868.0,8300.0,4.5,2019.0,754.0,119.0,5.0
19450.0,1746.0,20357.466614906833,4.374,2003.0,754.0,109.0,5.0
20999.0,1868.0,6422.0,4.5,2019.0,754.0,119.0,5.0
20459.0,1868.0,20357.466614906833,4.5,2016.0,754.0,119.0,5.0
20995.0,1868.0,2090.0,4.5,2019.0,754.0,119.0,5.0
9499.0,1746.0,8731.0,4.374,2019.0,756.0,111.0,6.0
19495.0,1746.0,18111.0,4.374,2019.0,756.0,111.0,6.0
19995.0,1746.0,2795.0,4.375,2019.0,756.0,111.0,6.0
23999.0,1746.0,20357.466614906833,4.375,2021.0,756.0,111.0,6.0
26999.0,1868.0,20357.466614906833,4.5,2015.0,756.0,122.0,6.0
27999.0,1868.0,18000.0,4.5,2019.0,756.0,122.0,6.0
29995.0,1868.0,5627.0,4.5,2019.0,756.0,122.0,6.0
35853.0,1923.0,1658.0,4.5,2019.0,756.0,125.0,6.0
3465.0,1923.0,26631.0,4.5,2019.0,756.0,125.0,6.0
28994.0,1868.0,28181.0,4.5,2019.0,756.0,122.0,6.0
28994.0,1868.0,5015.0,4.5,2019.0,756.0,122.0,6.0
27885.0,1868.0,1825.0,4.5,2019.0,756.0,122.0,6.0
27990.0,1868.0,6345.0,4.5,2019.0,756.0,122.0,6.0
27995.0,1868.0,2700.0,4.5,2019.0,756.0,122.0,6.0
28495.0,1868.0,2495.0,4.5,2019.0,756.0,122.0,6.0
8400.0,1868.0,9241.0,4.5,2019.0,756.0,122.0,6.0
35853.0,1923.0,20357.466614906833,4.5,2004.0,756.0,125.0,6.0
35853.0,1923.0,8543.0,4.5,2019.0,756.0,125.0,6.0
35853.0,1923.0,20357.466614906833,4.5,2000.0,756.0,125.0,6.0
29995.0,1868.0,1686.0,4.5,2019.0,756.0,122.0,6.0
28750.0,1868.0,3416.0,4.5,2019.0,756.0,122.0,6.0
19995.0,1746.0,9359.0,4.375,2019.0,754.0,108.0,5.0
16999.0,1746.0,20357.466614906833,4.374,2007.0,754.0,110.0,5.0
14599.0,1746.0,11826.0,4.374,2019.0,754.0,110.0,5.0
27995.0,1868.0,25517.0,4.5,2019.0,756.0,122.0,6.0
28999.0,1868.0,34981.0,4.5,2019.0,756.0,122.0,6.0
26995.0,1868.0,28522.0,4.5,2019.0,756.0,122.0,6.0
15995.0,1746.0,4880.0,4.374,2019.0,754.0,110.0,3.5
15450.0,1746.0,2460.0,4.374,2019.0,754.0,110.0,3.5
14995.0,1746.0,5030.0,4.374,2019.0,754.0,110.0,3.5
19999.0,1746.0,10540.0,4.374,2019.0,754.0,109.0,3.5
19999.0,1746.0,2300.0,4.374,2019.0,754.0,109.0,3.5
18999.0,1868.0,10941.0,4.5,2019.0,754.0,119.0,4.4
4095.0,1746.0,542.0,4.374,2019.0,754.0,107.0,3.6
17890.0,1868.0,4597.0,4.5,2019.0,754.0,118.0,3.6
19495.0,1868.0,10816.0,4.5,2019.0,754.0,118.0,3.6
19749.0,1868.0,20357.466614906833,4.5,2018.0,754.0,118.0,3.6
15997.0,1746.0,20357.466614906833,4.375,2009.0,754.0,110.0,5.0
9999.0,749.0,2220.0,3.0,2019.0,754.0,47.0,3.5
10494.0,1202.0,1649.0,3.8,2019.0,754.0,76.0,3.3
9995.0,1202.0,2934.0,3.8,2019.0,754.0,73.0,3.3
11995.0,1202.0,3351.0,3.8,2019.0,754.0,73.0,2.1
9994.0,883.0,20357.466614906833,3.811,2008.0,754.0,53.8,3.3
9749.0,883.0,1418.0,3.811,2019.0,754.0,53.8,3.3
9495.0,883.0,5024.0,3.811,2019.0,754.0,53.8,3.3
9495.0,883.0,2820.0,3.811,2019.0,754.0,53.8,3.3
8999.0,883.0,3345.0,3.811,2019.0,754.0,53.8,3.3
8995.0,883.0,20357.466614906833,3.811,2019.0,754.0,53.8,3.3
8795.0,883.0,5193.0,3.811,2019.0,754.0,53.8,3.3
9895.0,883.0,1410.0,3.811,2019.0,754.0,53.8,3.3
10700.0,883.0,20357.466614906833,3.811,2019.0,754.0,53.8,3.3
10299.0,449.0,20357.466614906833,3.962,2019.0,754.8326035911603,111.4,1.66
7999.0,745.0,9698.0,4.374,2019.0,754.8326035911603,92.6,3.7
7695.0,385.0,20357.466614906833,4.38,2008.0,754.8326035911603,119.0,5.0
24995.0,271.0,8304.0,4.38,2019.0,754.8326035911603,122.0,5.0
14499.0,1687.861,806.0,4.375,2019.0,754.8326035911603,81.18,4.42
13995.0,1450.0,9536.0,4.38,2019.0,754.8326035911603,104.7,3.6
14999.0,1700.0,8402.0,4.056,2019.0,754.8326035911603,107.6,5.3
7995.0,249.9,50.0,3.0,2019.0,754.8326035911603,104.7,6.0
7995.0,293.2,20357.466614906833,2.808,2019.0,754.8326035911603,98.8,6.0
8999.0,293.2,1.0,2.808,2019.0,754.8326035911603,81.18,3.3
4994.0,49.0,50.0,3.0,2019.0,754.8326035911603,102.0,6.0
8499.0,853.0,900.0,3.003,2019.0,754.8326035911603,45.72,3.9
5499.0,1247.051,3042.0,4.5,2019.0,754.8326035911603,98.8,5.0
14895.0,1783.0,2500.0,3.563,2019.0,754.8326035911603,98.7,6.0
11495.0,599.0,1055.0,3.0,2019.0,754.8326035911603,104.7,6.0
7599.0,449.0,45.0,3.0,2019.0,754.8326035911603,111.4,6.0
12999.0,1200.0,1863.0,3.15,2019.0,754.8326035911603,100.0,5.0
12499.0,1200.0,355.0,3.15,2019.0,754.8326035911603,118.0,6.0
8295.0,900.0,13000.0,3.12,2019.0,754.8326035911603,59.0,4.7
8295.0,1746.0,38.0,4.38,2019.0,754.8326035911603,78.228,6.0
24399.0,1649.0,1770.0,3.0,2018.0,754.8326035911603,81.18,7.0
23999.0,1649.0,16095.0,3.0,2018.0,754.8326035911603,99.5,7.0
22999.0,125.0,27840.0,4.374,2018.0,754.8326035911603,92.0,3.3
24995.0,600.0,20357.466614906833,4.374,2018.0,754.8326035911603,83.3,5.0
23999.0,1202.806,2547.0,4.38,2018.0,754.8326035911603,119.0,6.0
23999.0,1198.0,5539.0,4.375,2018.0,754.8326035911603,104.7,5.0
11995.0,280.0,10.0,3.811,2018.0,754.8326035911603,78.228,5.8
17990.0,1746.0,212.0,4.374,2018.0,754.0,109.0,5.0
17990.0,1868.0,20357.466614906833,4.5,2016.0,754.0,119.0,5.0
20495.0,1868.0,20357.466614906833,4.5,2018.0,754.0,119.0,5.0
19995.0,1868.0,1812.0,4.5,2018.0,754.0,119.0,5.0
19995.0,1746.0,3021.0,4.374,2018.0,754.0,109.0,5.0
17995.0,1746.0,7300.0,4.374,2018.0,754.0,109.0,5.0
19495.0,1746.0,10623.0,4.374,2018.0,754.0,109.0,5.0
18995.0,1868.0,6236.0,4.5,2018.0,754.0,119.0,5.0
20995.0,1868.0,11072.0,4.5,2018.0,754.0,119.0,5.0
18364.5,1868.0,10813.0,4.5,2018.0,754.0,119.0,5.0
7995.0,1868.0,20357.466614906833,4.5,2018.0,754.0,119.0,5.0
19495.0,1868.0,36955.0,4.5,2018.0,754.0,119.0,5.0
12490.0,1868.0,7043.0,4.5,2018.0,754.0,119.0,5.0
18995.0,1746.0,9520.0,4.374,2018.0,756.0,111.0,6.0
23449.0,1746.0,20357.466614906833,4.375,2015.0,756.0,111.0,6.0
24499.0,1746.0,21359.0,4.375,2018.0,756.0,111.0,6.0
15495.0,1746.0,5513.0,4.375,2018.0,756.0,114.0,6.0
34999.0,1746.0,47408.0,4.375,2018.0,756.0,114.0,6.0
27990.0,1746.0,10351.0,4.375,2018.0,756.0,114.0,6.0
24999.0,1746.0,22957.0,4.375,2018.0,756.0,114.0,6.0
26994.0,1746.0,25283.0,4.375,2018.0,756.0,114.0,6.0
26995.0,1746.0,9794.0,4.375,2018.0,756.0,114.0,6.0
22699.0,1746.0,4415.0,4.375,2018.0,756.0,111.0,6.0
22999.0,1746.0,22440.0,4.375,2018.0,756.0,111.0,6.0
27895.0,1746.0,5208.0,4.375,2018.0,756.0,111.0,6.0
35853.0,1923.0,17399.0,4.5,2018.0,756.0,124.0,6.0
35853.0,1923.0,11672.0,4.5,2018.0,756.0,124.0,6.0
16495.0,1746.0,5188.0,4.375,2018.0,754.0,108.0,5.0
23995.0,1746.0,5804.0,4.375,2018.0,756.0,114.0,6.0
26495.0,1746.0,35923.0,4.375,2018.0,756.0,114.0,6.0
25999.0,1746.0,9430.0,4.375,2018.0,756.0,114.0,6.0
27895.0,1746.0,5541.0,4.375,2018.0,756.0,114.0,6.0
24995.0,1746.0,5708.0,4.375,2018.0,756.0,114.0,6.0
21499.0,1746.0,7567.0,4.375,2018.0,756.0,111.0,6.0
9995.0,1746.0,8011.0,4.375,2018.0,756.0,111.0,6.0
9995.0,1746.0,13257.0,4.375,2018.0,756.0,111.0,6.0
28995.0,1746.0,7484.0,4.375,2018.0,756.0,111.0,6.0
27495.0,1746.0,18410.0,4.375,2018.0,756.0,111.0,6.0
34749.0,1923.0,20357.466614906833,4.5,2019.0,756.0,125.0,6.0
14599.0,1746.0,20357.466614906833,4.374,2012.0,754.0,110.0,3.5
14499.0,1746.0,20357.466614906833,4.374,2019.0,754.0,110.0,3.5
16990.0,1746.0,20357.466614906833,4.374,2017.0,754.0,109.0,3.5
18995.0,1746.0,4331.0,4.374,2018.0,754.0,109.0,3.5
19699.0,1746.0,9687.0,4.374,2018.0,754.0,109.0,3.5
16995.0,1746.0,20357.466614906833,4.374,2017.0,754.0,107.0,3.6
17995.0,1868.0,20357.466614906833,4.5,2007.0,754.0,118.0,3.6
17999.0,1868.0,11436.0,4.5,2018.0,754.0,118.0,3.6
17395.0,1868.0,3681.0,4.5,2018.0,754.0,118.0,3.6
16499.0,1746.0,9459.0,4.375,2018.0,754.0,110.0,5.0
15999.0,1746.0,7224.0,4.375,2018.0,754.0,110.0,5.0
6995.0,494.0,13050.0,3.0,2018.0,754.0,38.0,3.5
11999.0,1687.861,6416.0,4.38,2018.0,754.8326035911603,73.0,5.0
11249.0,1202.0,20357.466614906833,3.8,2018.0,754.0,73.0,2.1
8999.0,883.0,5296.0,3.811,2018.0,754.0,53.8,3.3
9999.0,883.0,1463.0,3.811,2018.0,754.0,53.8,3.3
9499.0,883.0,2839.0,3.811,2018.0,754.0,53.8,3.3
4499.0,649.0,17519.0,3.0,2018.0,754.8326035911603,104.7,4.6
20995.0,1833.0,7872.0,2.847,2018.0,754.8326035911603,92.6,5.55
21499.0,1833.0,3649.0,2.847,2018.0,754.8326035911603,100.0,5.55
21499.0,1584.0,14673.0,4.38,2018.0,754.8326035911603,89.0,6.0
21999.0,1687.861,3068.0,4.374,2018.0,754.8326035911603,92.195,3.5
23999.0,1811.0,20357.466614906833,4.449,2006.0,754.8326035911603,119.0,5.5
26749.0,1811.0,20357.466614906833,4.449,2013.0,754.8326035911603,119.0,5.5
23995.0,1811.0,24000.0,4.449,2018.0,754.8326035911603,119.0,5.5
16494.0,963.0,8640.0,4.38,2018.0,754.8326035911603,105.5,3.6
4498.0,399.0,1374.0,3.0,2018.0,754.8326035911603,98.8,3.7
5749.0,84.9,60.0,3.0,2018.0,754.8326035911603,105.5,5.0
6899.0,398.0,1332.0,3.0,2018.0,754.8326035911603,111.4,6.0
15995.0,1200.0,2327.0,3.1,2018.0,754.8326035911603,92.6,4.7
10399.0,1200.0,10201.0,3.1,2018.0,754.8326035911603,111.0,6.0
10495.0,765.0,2044.0,3.0,2018.0,754.8326035911603,92.6,4.6
23995.0,800.0,6757.0,3.0,2018.0,754.8326035911603,92.6,5.3
13495.0,1687.861,5900.0,4.38,2017.0,754.8326035911603,108.0,5.0
16999.0,1573.152,20357.466614906833,4.5,2012.0,754.8326035911603,44.5,5.0
9995.0,1746.0,5826.0,2.808,2017.0,754.8326035911603,118.0,4.94
12995.0,749.0,25392.0,4.38,2017.0,754.8326035911603,86.346,5.5
18994.0,1746.0,20357.466614906833,4.374,2017.0,756.0,111.4,6.0
18749.0,1746.0,27778.0,4.374,2017.0,756.0,111.4,6.0
18999.0,1746.0,11930.0,4.374,2017.0,756.0,111.4,6.0
19995.0,1746.0,20357.466614906833,4.374,2013.0,756.0,111.4,6.0
17994.0,1746.0,20357.466614906833,4.374,2020.0,756.0,111.4,6.0
23499.0,1746.0,7711.0,4.374,2017.0,756.0,111.4,6.0
22999.0,1746.0,13926.0,4.374,2017.0,756.0,111.4,6.0
20999.0,1746.0,20357.466614906833,4.375,1997.0,756.0,111.4,6.0
31990.0,1746.0,20357.466614906833,4.375,2015.0,756.0,110.6,6.0
24995.0,1753.409,12392.0,4.375,2017.0,756.0,113.6,6.0
22999.0,1753.409,11168.0,4.375,2017.0,756.0,113.6,6.0
20499.0,1753.409,60812.0,4.375,2017.0,756.0,113.6,6.0
22995.0,1753.409,20357.466614906833,4.375,2014.0,756.0,113.6,6.0
28999.0,1753.409,18926.0,4.375,2017.0,756.0,113.6,6.0
22999.0,1753.409,39096.0,4.375,2017.0,756.0,113.6,6.0
24999.0,1753.409,20357.466614906833,4.375,2017.0,756.0,113.6,6.0
16495.0,1746.0,20847.0,4.375,2017.0,756.0,113.6,6.0
21999.0,1746.0,10814.0,4.375,2017.0,756.0,111.4,6.0
35853.0,1753.409,7793.0,4.375,2017.0,756.0,111.4,6.0
22995.0,1753.409,25149.0,4.375,2017.0,756.0,111.4,6.0
24995.0,1753.409,20357.466614906833,4.375,1999.0,756.0,111.4,6.0
16999.0,1753.409,1517.0,4.375,2017.0,756.0,111.4,6.0
24494.0,1753.409,20357.466614906833,4.375,2016.0,756.0,111.4,6.0
22995.0,1753.409,11592.0,4.375,2017.0,756.0,111.4,6.0
23494.0,1753.409,9403.0,4.375,2017.0,756.0,111.4,6.0
33999.0,1868.0,7780.0,4.5,2017.0,756.0,124.0,6.0
34995.0,1868.0,19354.0,4.5,2017.0,756.0,124.0,6.0
25995.0,1746.0,20357.466614906833,4.375,2020.0,756.0,110.6,6.0
16995.0,1690.0,3894.0,4.374,2017.0,754.0,102.5,5.0
17999.0,1801.0,3116.0,4.374,2017.0,754.0,109.0,5.0
14995.0,1690.0,19691.0,4.374,2017.0,755.0,99.5,5.0
16999.0,1690.0,22627.0,4.374,2017.0,755.0,99.5,5.0
16995.0,1690.0,20357.466614906833,4.374,2017.0,755.0,99.5,5.0
16295.0,1801.0,20357.466614906833,4.374,2019.0,754.0,108.0,5.0
19399.0,1690.0,219.0,4.374,2017.0,754.0,100.3,5.0
22999.0,1746.0,12860.0,4.375,2017.0,756.0,113.6,6.0
21999.0,1746.0,20357.466614906833,4.375,2006.0,756.0,111.4,6.0
23999.0,1746.0,20357.466614906833,4.375,2015.0,756.0,111.4,6.0
22995.0,1746.0,15023.0,4.375,2017.0,756.0,111.4,6.0
22495.0,1746.0,9824.0,4.375,2017.0,756.0,111.4,6.0
13995.0,1690.0,20357.466614906833,4.375,2017.0,754.0,93.6,4.7
13995.0,1690.0,11500.0,4.375,2017.0,754.0,93.6,4.7
14995.0,1690.0,20357.466614906833,4.375,2019.0,754.0,93.6,4.7
16495.0,1690.0,4190.0,4.375,2017.0,754.0,93.6,4.7
13990.0,1690.0,7214.0,4.375,2017.0,754.0,93.6,4.7
14999.0,1690.0,11118.0,4.375,2017.0,754.0,93.6,4.7
15999.0,1690.0,287.0,4.38,2017.0,754.0,99.5,5.0
12990.0,1690.0,4065.0,4.38,2017.0,754.0,99.5,5.0
14995.0,1690.0,10992.0,4.38,2017.0,754.0,99.5,5.0
13495.0,1690.0,5572.0,4.38,2017.0,754.0,99.5,5.0
14995.0,1690.0,5711.0,4.374,2017.0,754.0,99.5,4.7
13990.0,1690.0,10138.0,4.374,2017.0,754.0,99.5,4.7
19999.0,1801.0,7848.0,4.374,2017.0,754.0,116.0,4.7
19999.0,1690.0,24602.0,4.374,2017.0,754.0,99.5,5.0
7995.0,749.0,3409.0,3.0,2017.0,754.0,47.2,3.5
7499.0,749.0,4112.0,3.0,2017.0,754.0,47.2,3.5
9895.0,1202.0,981.0,3.811,2017.0,754.0,70.8,4.5
12499.0,1202.0,1827.0,3.811,2017.0,754.0,73.0,4.5
11299.0,1202.0,2467.0,3.811,2017.0,754.0,70.8,2.1
10995.0,1202.0,8529.0,3.811,2017.0,754.0,70.8,2.1
9995.0,883.0,4088.0,3.811,2017.0,754.0,53.8,3.3
8595.0,883.0,7595.0,3.811,2017.0,754.0,53.8,3.3
9499.0,1312.0,16587.0,4.068,2017.0,754.8326035911603,64.944,3.4
17995.0,1811.0,20357.466614906833,4.449,2015.0,756.0,119.2,5.5
11749.0,1130.703,3709.0,3.962,2017.0,754.0,72.2,3.3
15995.0,1811.0,20960.0,4.449,2017.0,756.0,119.2,5.5
3999.0,271.0,201.0,3.0,2017.0,754.8326035911603,92.0,3.2
11499.0,1352.0,34441.0,3.0,2017.0,754.8326035911603,111.0,5.8
11999.0,1050.0,19514.0,3.0,2017.0,754.8326035911603,92.0,5.98
14495.0,1746.0,6756.0,4.374,2017.0,754.8326035911603,104.7,5.0
7000.0,249.9,20357.466614906833,3.0,1994.0,754.8326035911603,100.3,2.21
18995.0,1237.0,1304.0,3.563,2017.0,754.8326035911603,129.0,4.7
6499.0,1746.0,3498.0,4.068,2017.0,754.8326035911603,119.0,6.0
8499.0,436.0,1108.0,4.375,2017.0,754.8326035911603,118.0,5.0
11395.0,1200.0,3721.0,3.12,2017.0,754.8326035911603,98.8,5.0
8999.0,647.0,11101.0,3.0,2016.0,754.8326035911603,46.0,4.2
12499.0,1868.0,20357.466614906833,4.374,2006.0,754.8326035911603,109.0,6.0
14995.0,1689.5,9274.0,4.374,2016.0,754.0,102.0,4.7
18999.0,1689.5,13980.0,4.374,2016.0,756.0,104.7,6.0
14990.0,1689.5,51247.0,4.374,2016.0,756.0,104.7,6.0
17994.0,1689.5,11994.0,4.374,2016.0,756.0,104.7,6.0
17494.0,1689.5,35723.0,4.374,2016.0,756.0,104.7,6.0
19994.0,1689.5,38196.0,4.374,2016.0,756.0,104.7,6.0
19999.0,1689.5,22164.0,4.374,2016.0,756.0,104.7,6.0
19999.0,1689.5,28474.0,4.374,2016.0,756.0,105.5,6.0
20999.0,1689.5,20357.466614906833,4.374,2000.0,756.0,105.5,6.0
19995.0,1689.5,11873.0,4.374,2016.0,756.0,105.5,6.0
19995.0,1689.5,20357.466614906833,4.374,2009.0,756.0,105.5,6.0
19999.0,1689.5,33135.0,4.374,2016.0,756.0,105.5,6.0
20999.0,1689.5,22156.0,4.374,2016.0,756.0,105.5,6.0
19990.0,1689.5,20357.466614906833,4.374,2010.0,756.0,105.5,6.0
20494.0,1689.5,27417.0,4.374,2016.0,756.0,104.7,6.0
21494.0,1689.5,20357.466614906833,4.374,2016.0,756.0,104.7,6.0
20999.0,1689.5,20357.466614906833,4.374,2021.0,756.0,104.7,6.0
19999.0,1689.5,20357.466614906833,4.374,2016.0,756.0,104.7,6.0
21595.0,1689.5,20357.466614906833,4.374,2018.0,756.0,104.7,6.0
21995.0,1689.5,20357.466614906833,4.374,2016.0,756.0,104.7,6.0
20999.0,1689.5,20357.466614906833,4.374,2015.0,756.0,104.7,6.0
19999.0,1689.5,20357.466614906833,4.374,2016.0,756.0,104.7,6.0
29995.0,1802.57,9722.0,4.375,2016.0,756.0,115.1,6.0
15995.0,1689.5,5219.0,4.374,2016.0,754.0,100.3,5.0
16999.0,1689.5,3026.0,4.374,2016.0,754.0,100.3,5.0
17499.0,1802.57,4602.0,4.374,2016.0,754.0,109.0,5.0
15999.0,1689.5,19241.0,4.374,2016.0,755.0,97.4,5.0
16199.0,1689.5,20357.466614906833,4.374,2013.0,755.0,97.4,5.0
17995.0,1689.5,12155.0,4.374,2016.0,755.0,97.4,5.0
16999.0,1689.5,20359.0,4.374,2016.0,755.0,97.4,5.0
16995.0,1746.0,1096.0,3.811,2016.0,754.8326035911603,92.0,5.0
16495.0,1689.5,7689.0,4.374,2016.0,754.0,100.3,5.0
15999.0,1689.5,19413.0,4.374,2016.0,754.0,100.3,5.0
16999.0,1802.57,1222.0,4.374,2016.0,754.0,108.0,5.0
18495.0,1689.5,17199.0,4.374,2016.0,754.0,100.3,5.0
21249.0,1689.5,20357.466614906833,4.374,2000.0,756.0,105.5,6.0
22495.0,1689.5,40597.0,4.374,2016.0,756.0,105.5,6.0
19995.0,1689.5,15525.0,4.374,2016.0,756.0,105.5,6.0
20250.0,1689.5,20357.466614906833,4.374,2013.0,756.0,105.5,6.0
23595.0,1689.5,20357.466614906833,4.374,2015.0,756.0,104.7,6.0
21200.0,1689.5,20357.466614906833,4.374,2018.0,756.0,104.7,6.0
21999.0,1689.5,13717.0,4.374,2016.0,756.0,104.7,6.0
20995.0,1689.5,16796.0,4.374,2016.0,756.0,104.7,6.0
15995.0,1689.5,10243.0,4.375,2016.0,754.0,98.8,4.7
13999.0,1689.5,22603.0,4.375,2016.0,754.0,98.8,4.7
11990.0,1689.5,2308.0,4.375,2016.0,754.0,98.8,4.7
15195.0,1689.5,10369.0,4.375,2016.0,754.0,98.8,4.7
14599.0,1689.5,8548.0,4.375,2016.0,754.0,98.8,4.7
13995.0,1689.5,9385.0,4.38,2016.0,754.0,99.0,5.0
14995.0,1689.5,7105.0,4.374,2016.0,754.0,102.0,4.7
14999.0,1689.5,7627.0,4.374,2016.0,754.0,102.0,4.7
14995.0,1689.5,2809.0,4.374,2016.0,754.0,102.0,4.7
14995.0,1689.5,20357.466614906833,4.374,2019.0,754.0,102.0,4.7
17995.0,1802.57,1430.0,4.374,2016.0,754.0,116.0,4.7
18995.0,1802.57,8046.0,4.374,2016.0,754.0,116.0,4.7
12995.0,1689.5,3765.0,4.374,2016.0,754.0,99.0,4.7
8995.0,1689.5,4498.0,4.374,2016.0,754.0,97.4,5.0
22999.0,1802.57,9866.0,4.374,2016.0,754.0,112.1,5.0
23999.0,1802.57,16000.0,4.374,2016.0,754.0,112.1,5.0
15749.0,1247.051,20357.466614906833,2.835,2017.0,754.0,87.0,5.0
4994.0,1247.051,15532.0,2.835,2016.0,754.0,87.0,5.0
10799.0,753.802,1673.0,3.0,2016.0,754.0,44.5,3.5
5295.0,753.802,24.0,3.0,2016.0,754.0,44.5,3.5
6999.0,753.802,20357.466614906833,3.0,2012.0,754.0,44.5,3.5
10995.0,1202.806,342.0,3.811,2016.0,754.0,70.8,4.5
10995.0,1202.806,20357.466614906833,3.811,2014.0,754.0,70.8,2.1
10999.0,1202.806,4571.0,3.811,2016.0,754.0,70.8,2.1
9995.0,1202.806,2189.0,3.811,2016.0,754.0,70.8,2.1
8990.0,1202.806,10222.0,3.811,2016.0,754.0,70.8,2.1
10995.0,1202.806,13502.0,3.811,2016.0,754.0,70.8,2.1
9999.0,1202.806,9017.0,3.811,2016.0,754.0,70.8,2.1
10995.0,1202.806,6817.0,3.811,2016.0,754.0,70.8,2.1
10999.0,883.259,18200.0,3.811,2016.0,754.0,53.8,4.5
7995.0,883.259,3100.0,3.811,2016.0,754.0,53.8,3.3
6499.0,1130.0,544.0,4.38,2016.0,754.8326035911603,70.8,3.17
19999.0,1689.5,15777.0,4.375,2016.0,756.0,119.2,5.0
5995.0,373.2,6226.0,3.0,2016.0,754.8326035911603,105.0,2.86
7499.0,1170.0,3030.0,3.959,2016.0,754.8326035911603,108.0,4.7
11999.0,1687.861,6396.0,4.5,2016.0,754.8326035911603,105.5,6.0
7499.0,1689.5,19635.0,4.374,2016.0,754.8326035911603,100.0,3.7
9995.0,400.0,6235.0,4.38,2015.0,754.8326035911603,100.0,4.5
14994.0,1649.0,23523.0,3.0,2015.0,754.0,129.0,7.0
18999.0,1649.0,20357.466614906833,3.0,2013.0,756.0,129.0,7.0
10495.0,1450.0,8652.0,3.811,2015.0,754.8326035911603,111.4,5.0
13999.0,1198.4,11301.0,3.0,2015.0,754.8326035911603,96.3,4.7
8499.0,821.0,6974.0,3.0,2015.0,754.8326035911603,65.8,6.0
16495.0,1689.5,14103.0,4.374,2015.0,756.0,104.7,6.0
19495.0,1689.5,18485.0,4.374,2015.0,756.0,104.7,6.0
17595.0,1689.5,57723.0,4.374,2015.0,756.0,104.7,6.0
5999.0,1689.5,20348.0,4.374,2015.0,756.0,104.7,6.0
19995.0,1689.5,15488.0,4.374,2015.0,756.0,104.7,6.0
19994.0,1689.5,53125.0,4.374,2015.0,756.0,104.7,6.0
18990.0,1689.5,19000.0,4.374,2015.0,756.0,104.7,6.0
19494.0,1689.5,20357.466614906833,4.374,2018.0,756.0,104.7,6.0
19995.0,1689.5,17487.0,4.374,2015.0,756.0,104.7,6.0
18999.0,1689.5,18403.0,4.374,2015.0,756.0,104.7,6.0
18450.0,1689.5,33661.0,4.374,2015.0,756.0,105.5,6.0
19999.0,1689.5,19454.0,4.374,2015.0,756.0,105.5,6.0
16995.0,1689.5,40125.0,4.374,2015.0,756.0,105.5,6.0
20995.0,1689.5,15217.0,4.374,2015.0,756.0,105.5,6.0
13995.0,1689.5,12014.0,4.374,2015.0,756.0,105.5,6.0
19875.0,1689.5,20357.466614906833,4.374,2006.0,756.0,105.5,6.0
17990.0,1689.5,20357.466614906833,4.374,2020.0,756.0,105.5,6.0
19999.0,1689.5,20357.466614906833,4.374,2014.0,756.0,105.5,6.0
19995.0,1689.5,71405.0,4.374,2015.0,756.0,105.5,6.0
18994.0,1689.5,47719.0,4.374,2015.0,756.0,105.5,6.0
19995.0,1689.5,7020.0,4.374,2015.0,756.0,105.5,6.0
19995.0,1689.5,18065.0,4.374,2015.0,756.0,105.5,6.0
18995.0,1689.5,23969.0,4.374,2015.0,756.0,105.5,6.0
30495.0,1800.931,17300.0,4.374,2015.0,756.0,115.1,6.0
28895.0,1800.931,9986.0,4.374,2015.0,756.0,115.1,6.0
19999.0,1687.861,32623.0,4.38,2015.0,756.0,104.7,6.0
4095.0,1687.861,20357.466614906833,4.38,2015.0,756.0,104.7,6.0
19999.0,1687.861,24246.0,4.38,2015.0,756.0,104.7,6.0
19999.0,1689.5,20357.466614906833,4.374,2018.0,756.0,104.7,6.0
29999.0,1689.5,1062.0,4.374,2015.0,756.0,104.7,6.0
19995.0,1689.5,15946.0,4.374,2015.0,756.0,104.7,6.0
19999.0,1689.5,20357.466614906833,4.374,2015.0,756.0,104.7,6.0
18295.0,1689.5,20416.0,4.374,2015.0,756.0,104.7,6.0
30999.0,1800.931,12761.0,4.375,2015.0,756.0,115.1,6.0
27999.0,1800.931,9521.0,4.375,2015.0,756.0,115.1,6.0
30995.0,1800.931,5430.0,4.375,2015.0,756.0,115.1,6.0
14997.0,1689.5,20357.466614906833,4.374,2014.0,754.0,97.4,5.0
14995.0,1689.5,7326.0,4.374,2015.0,754.0,97.4,5.0
15499.0,1689.5,20357.466614906833,4.374,2020.0,756.0,95.2,5.0
25499.0,1800.931,68000.0,4.374,2015.0,756.0,115.1,6.0
18995.0,1689.5,60317.0,4.374,2015.0,756.0,104.7,6.0
18995.0,1689.5,9246.0,4.374,2015.0,756.0,104.7,6.0
20999.0,1689.5,8722.0,4.374,2015.0,756.0,104.7,6.0
22495.0,1689.5,20357.466614906833,4.374,2011.0,756.0,104.7,6.0
20994.0,1689.5,66973.0,4.374,2015.0,756.0,104.7,6.0
20995.0,1689.5,20692.0,4.374,2015.0,756.0,104.7,6.0
13495.0,1689.5,12767.0,4.375,2015.0,754.0,98.8,4.7
12995.0,1689.5,16570.0,4.375,2015.0,754.0,98.8,4.7
14999.0,1689.5,20357.466614906833,4.375,2013.0,754.0,98.8,4.7
13999.0,1689.5,16928.0,4.38,2015.0,754.0,98.8,5.0
13995.0,1689.5,22107.0,4.38,2015.0,754.0,98.8,5.0
12794.0,1689.5,20357.466614906833,4.38,2019.0,754.0,98.8,5.0
14295.0,1689.5,16985.0,4.374,2015.0,754.0,98.8,4.7
14499.0,1689.5,7322.0,4.374,2015.0,754.0,98.8,4.7
15499.0,1689.5,13937.0,4.374,2015.0,754.0,98.8,4.7
14995.0,1689.5,20357.466614906833,4.374,2012.0,754.0,98.8,4.7
12999.0,1689.5,20357.466614906833,4.374,2015.0,754.0,98.8,4.7
13495.0,1689.5,20357.466614906833,4.374,2015.0,754.0,98.8,4.7
18495.0,1689.5,4427.0,4.374,2015.0,754.0,95.2,5.0
17995.0,1689.5,6277.0,4.374,2015.0,754.0,95.2,5.0
17995.0,1689.5,20357.466614906833,4.374,2008.0,754.0,95.2,5.0
17495.0,1689.5,20357.466614906833,4.374,2012.0,754.0,95.2,5.0
17994.0,1689.5,4054.0,4.374,2015.0,754.0,95.2,5.0
15499.0,1247.051,9821.0,2.835,2015.0,754.0,87.0,5.0
16995.0,1247.051,21858.0,2.835,2015.0,754.0,87.0,5.0
6995.0,1247.051,19568.0,2.835,2015.0,754.0,87.0,5.0
9660.0,491.61,1022.0,3.0,2015.0,754.0,38.0,3.5
4995.0,491.61,20357.466614906833,3.0,2015.0,754.0,38.0,3.5
6995.0,753.802,2491.0,3.0,2015.0,754.0,44.5,3.5
7995.0,1202.806,11000.0,3.811,2015.0,754.0,70.8,4.5
10995.0,1202.806,15514.0,3.811,2015.0,754.0,70.8,4.5
10999.0,1202.806,733.0,3.811,2015.0,754.0,70.8,2.1
9699.0,1202.806,1168.0,3.811,2015.0,754.0,70.8,2.1
9999.0,1202.806,8101.0,3.811,2015.0,754.0,70.8,2.1
7995.0,883.259,298.0,3.811,2015.0,754.0,53.8,3.3
8995.0,422.0,10524.0,3.962,2015.0,754.8326035911603,113.652,4.5
9499.0,278.0,18543.0,4.374,2015.0,754.8326035911603,87.0,4.8
14995.0,1.301,21630.0,2.769,2015.0,754.8326035911603,100.0,7.8
11995.0,1.301,50727.0,2.769,2015.0,754.8326035911603,92.6,7.8
9995.0,2294.0,20357.466614906833,2.808,2015.0,754.8326035911603,118.0,5.798
10999.0,1202.806,24965.0,3.0,2015.0,754.8326035911603,73.0,6.6
6995.0,1200.0,12765.0,3.237,2015.0,754.8326035911603,105.5,4.5
10999.0,535.0,5561.0,4.375,2015.0,754.8326035911603,72.324,4.5
13995.0,1689.5,22483.0,4.374,2014.0,754.0,98.8,4.7
10490.0,1689.5,40282.0,4.374,2014.0,754.0,98.8,4.7
17995.0,1689.5,20357.466614906833,4.374,2021.0,756.0,104.7,6.0
16199.0,1689.5,30754.0,4.374,2014.0,756.0,104.7,6.0
15990.0,1689.5,20357.466614906833,4.374,1998.0,756.0,104.7,6.0
15999.0,1689.5,47937.0,4.374,2014.0,756.0,104.7,6.0
20995.0,1800.931,12109.0,4.374,2014.0,756.0,116.5,6.0
16490.0,1689.5,17400.0,4.374,2014.0,756.0,104.7,6.0
25999.0,1689.5,42801.0,4.374,2014.0,756.0,106.2,6.0
28999.0,1689.5,16714.0,4.374,2014.0,756.0,106.2,6.0
29999.0,1689.5,25658.0,4.374,2014.0,756.0,106.2,6.0
17999.0,1689.5,76489.0,4.374,2014.0,756.0,105.5,6.0
19495.0,1689.5,20357.466614906833,4.374,2008.0,756.0,105.5,6.0
17490.0,1689.5,46122.0,4.374,2014.0,756.0,105.5,6.0
18995.0,1689.5,20357.466614906833,4.374,2005.0,756.0,105.5,6.0
17995.0,1689.5,87849.0,4.374,2014.0,756.0,105.5,6.0
17999.0,1689.5,11366.0,4.374,2014.0,756.0,105.5,6.0
19495.0,1689.5,20357.466614906833,4.374,2017.0,756.0,105.5,6.0
23995.0,1800.931,26836.0,4.374,2014.0,756.0,115.1,6.0
16995.0,1689.5,26285.0,4.374,2014.0,756.0,104.7,6.0
19995.0,1689.5,7309.0,4.374,2014.0,756.0,104.7,6.0
19995.0,1689.5,20030.0,4.374,2014.0,756.0,104.7,6.0
16895.0,1689.5,15834.0,4.374,2014.0,756.0,104.7,6.0
18995.0,1689.5,20357.466614906833,4.374,2005.0,756.0,104.7,6.0
18495.0,1689.5,38074.0,4.374,2014.0,756.0,104.7,6.0
15295.0,1689.5,10367.0,4.374,2014.0,754.0,97.4,5.0
14499.0,1689.5,20357.466614906833,4.374,2016.0,754.0,97.4,5.0
15990.0,1689.5,20357.466614906833,4.374,1999.0,756.0,95.2,5.0
15494.0,1689.5,20357.466614906833,4.374,2014.0,756.0,95.2,5.0
15425.0,1689.5,44144.0,4.374,2014.0,756.0,95.2,5.0
14999.0,1689.5,20357.466614906833,4.374,2014.0,756.0,95.2,5.0
14995.0,1689.5,13501.0,4.374,2014.0,756.0,95.2,5.0
14495.0,1689.5,23477.0,4.374,2014.0,756.0,95.2,5.0
15499.0,1689.5,19767.0,4.374,2014.0,754.0,97.4,5.0
16995.0,1689.5,727.0,4.374,2014.0,754.0,97.4,5.0
16999.0,1689.5,20357.466614906833,4.374,1999.0,754.0,97.4,5.0
17995.0,1802.57,11183.0,4.374,2014.0,756.0,107.7,5.0
20395.0,1802.57,5013.0,4.374,2014.0,756.0,107.7,5.0
13995.0,1689.5,13573.0,4.374,2014.0,754.0,98.8,4.7
14495.0,1689.5,20357.466614906833,4.374,2014.0,754.0,98.8,4.7
13495.0,1689.5,10123.0,4.374,2014.0,754.0,98.8,5.0
13995.0,1689.5,14230.0,4.374,2014.0,754.0,98.8,4.7
16295.0,1689.5,6795.0,4.374,2014.0,754.0,95.2,5.0
16995.0,1689.5,4602.0,4.374,2014.0,754.0,95.2,5.0
16490.0,1689.5,15417.0,4.374,2014.0,754.0,95.2,5.0
19495.0,1689.5,3859.0,4.374,2014.0,754.0,95.2,5.0
23990.0,1802.57,20357.466614906833,4.374,2006.0,754.0,112.1,5.0
19898.0,1802.57,37239.0,4.374,2014.0,754.0,112.1,5.0
14995.0,1247.051,11126.0,2.835,2014.0,754.0,83.4,5.0
14994.0,1247.051,14676.0,2.835,2014.0,754.0,87.0,5.0
9995.0,1202.806,21802.0,3.811,2014.0,754.0,70.8,2.1
5995.0,882.604,18526.0,4.38,2014.0,754.8326035911603,111.4,6.0
9499.0,999.0,15099.0,3.811,2014.0,754.8326035911603,125.0,5.1
11499.0,124.0,2928.0,3.962,2014.0,754.8326035911603,78.228,6.0
8794.0,1917.279,20357.466614906833,4.38,2021.0,754.8326035911603,102.5,6.0
9995.0,1700.0,7385.0,4.38,2014.0,754.8326035911603,104.7,5.3
6990.0,1600.0,12307.0,3.0,2014.0,754.8326035911603,105.0,6.0
12495.0,1687.861,20357.466614906833,4.38,2002.0,754.0,100.0,4.7
11995.0,1687.861,14610.0,4.38,2013.0,754.0,100.0,4.7
14999.0,1687.861,20357.466614906833,4.38,2006.0,756.0,100.0,6.0
15995.0,1687.861,22189.0,4.38,2013.0,756.0,100.0,6.0
16299.0,1687.861,20357.466614906833,4.38,2008.0,756.0,100.0,6.0
16999.0,1687.861,22359.0,4.38,2013.0,756.0,100.0,6.0
15995.0,1687.861,55754.0,4.38,2013.0,756.0,100.0,6.0
14999.0,1687.861,55154.0,4.38,2013.0,756.0,100.0,6.0
16490.0,1687.861,20357.466614906833,4.38,2017.0,756.0,100.0,6.0
16490.0,1687.861,22810.0,4.38,2013.0,756.0,100.0,6.0
22999.0,1802.57,13769.0,4.38,2013.0,756.0,118.0,6.0
23499.0,1802.57,20357.466614906833,4.38,2006.0,756.0,118.0,6.0
21995.0,1802.57,20357.466614906833,4.38,2010.0,756.0,118.0,6.0
27395.0,1687.861,12249.0,4.38,2013.0,756.0,100.0,6.0
28999.0,1687.861,29960.0,4.38,2013.0,756.0,100.0,6.0
27999.0,1687.861,14905.0,4.38,2013.0,756.0,100.0,6.0
16999.0,1687.861,33698.0,4.38,2013.0,756.0,100.0,6.0
16995.0,1687.861,54645.0,4.38,2013.0,756.0,100.0,6.0
16992.0,1687.861,33226.0,4.38,2013.0,756.0,100.0,6.0
16494.0,1687.861,20357.466614906833,4.38,2021.0,756.0,100.0,6.0
16494.0,1687.861,20357.466614906833,4.38,2007.0,756.0,100.0,6.0
15990.0,1687.861,20357.466614906833,4.38,2021.0,756.0,100.0,6.0
17490.0,1687.861,20357.466614906833,4.38,2000.0,756.0,100.0,6.0
13990.0,1687.861,20357.466614906833,4.38,2015.0,756.0,100.0,6.0
16999.0,1687.861,23201.0,4.38,2013.0,756.0,100.0,6.0
18995.0,109.0,12547.0,4.38,2013.0,754.8326035911603,79.0,6.0
14990.0,1687.861,31356.0,4.38,2013.0,756.0,100.0,6.0
17999.0,1687.861,20357.466614906833,4.38,2000.0,756.0,100.0,6.0
17499.0,1687.861,41312.0,4.38,2013.0,756.0,100.0,6.0
16595.0,1687.861,16032.0,4.38,2013.0,756.0,100.0,6.0
8595.0,1687.861,33075.0,4.38,2013.0,756.0,100.0,6.0
16995.0,1687.861,8881.0,4.38,2013.0,754.0,98.7,5.0
13995.0,1687.861,17862.0,4.38,2013.0,754.0,98.7,5.0
14699.0,1687.861,30649.0,4.38,2013.0,754.0,98.7,5.0
12495.0,1687.861,20357.466614906833,4.38,2013.0,754.0,96.9,5.0
15995.0,1687.861,16838.0,4.38,2013.0,754.0,96.9,5.0
16895.0,1687.861,25244.0,4.38,2013.0,756.0,100.0,6.0
16495.0,1687.861,20898.0,4.38,2013.0,756.0,100.0,6.0
35853.0,1687.861,1569.0,4.38,2013.0,756.0,100.0,6.0
13995.0,1573.152,5694.0,4.38,2013.0,754.0,92.0,4.7
13995.0,1573.152,7694.0,4.38,2013.0,754.0,92.0,4.7
13495.0,1573.152,11258.0,4.38,2013.0,754.0,92.0,4.7
12995.0,1573.152,10122.0,4.38,2013.0,754.0,92.0,4.7
13995.0,1573.152,20357.466614906833,4.38,2009.0,754.0,92.0,5.0
13495.0,1573.152,8629.0,4.38,2013.0,754.0,92.0,5.0
12499.0,1573.152,6526.0,4.38,2013.0,754.0,92.0,5.0
12994.0,1687.861,8380.0,4.38,2013.0,754.0,100.0,5.0
12995.0,1687.861,20357.466614906833,4.38,2000.0,754.0,100.0,5.0
12395.0,1687.861,4000.0,4.38,2013.0,754.0,99.0,4.7
16499.0,1687.861,10279.0,4.38,2013.0,754.0,95.5,5.0
12995.0,1250.0,1211.0,2.835,2013.0,754.0,83.3,5.0
13994.0,1250.0,23265.0,2.835,2013.0,754.0,87.0,5.0
9499.0,1201.167,8013.0,3.812,2013.0,754.0,73.0,2.1
5995.0,883.259,8003.0,3.812,2013.0,754.0,55.0,3.3
8249.0,125.0,25252.0,4.375,2013.0,754.8326035911603,113.6,6.0
5999.0,125.0,15735.0,4.374,2013.0,754.8326035911603,92.0,6.0
9495.0,1689.5,12344.0,4.374,2013.0,754.8326035911603,102.0,1.95
8494.0,1200.0,20357.466614906833,4.38,2012.0,754.8326035911603,99.5,6.0
8700.0,1170.0,14721.0,4.374,2013.0,754.8326035911603,78.228,6.0
12249.0,800.0,40139.0,4.38,2012.0,754.8326035911603,105.5,5.0
10494.0,1687.861,44347.0,4.38,2012.0,754.0,100.0,4.7
12999.0,1687.861,25955.0,4.38,2012.0,754.0,100.0,4.7
12995.0,1687.861,26542.0,4.38,2012.0,754.0,100.0,4.7
10495.0,1687.861,1058.0,4.38,2012.0,754.0,100.0,4.7
12999.0,1687.861,45103.0,4.38,2012.0,756.0,100.0,6.0
13995.0,1687.861,8084.0,4.38,2012.0,756.0,100.0,6.0
13495.0,1687.861,54418.0,4.38,2012.0,756.0,100.0,6.0
13999.0,1687.861,56283.0,4.38,2012.0,756.0,100.0,6.0
16999.0,1687.861,20700.0,4.38,2012.0,756.0,100.0,6.0
15499.0,1687.861,34429.0,4.38,2012.0,756.0,100.0,6.0
14494.0,1689.5,59703.0,4.374,2012.0,754.8326035911603,97.4,4.914
17995.0,1802.57,40013.0,4.38,2012.0,756.0,38.0,6.0
15495.0,1687.861,43976.0,4.38,2012.0,756.0,100.0,6.0
14995.0,1687.861,40007.0,4.38,2012.0,756.0,100.0,6.0
15990.0,1687.861,36393.0,4.38,2012.0,756.0,100.0,6.0
14994.0,1687.861,62137.0,4.38,2012.0,756.0,100.0,6.0
17999.0,1687.861,32655.0,4.38,2012.0,756.0,100.0,6.0
16999.0,1687.861,30110.0,4.38,2012.0,756.0,100.0,6.0
15495.0,1687.861,20357.466614906833,4.38,2012.0,756.0,100.0,6.0
15995.0,1687.861,53100.0,4.38,2012.0,756.0,100.0,6.0
15999.0,1687.861,38224.0,4.38,2012.0,756.0,100.0,6.0
16999.0,1687.861,23500.0,4.38,2012.0,756.0,100.0,6.0
15995.0,1687.861,56781.0,4.38,2012.0,756.0,100.0,6.0
21995.0,1802.57,37526.0,4.38,2012.0,756.0,115.0,6.0
12995.0,1687.861,20357.466614906833,4.38,2005.0,756.0,96.9,5.0
11995.0,1687.861,24048.0,4.38,2012.0,756.0,96.9,5.0
14995.0,1687.861,3665.0,4.38,2012.0,754.0,98.7,5.0
16995.0,1687.861,20163.0,4.38,2012.0,756.0,100.0,6.0
10495.0,1573.152,42400.0,4.38,2012.0,754.0,92.0,4.7
11770.0,1573.152,20357.466614906833,4.38,2016.0,754.0,92.0,4.7
11995.0,1573.152,9140.0,4.38,2012.0,754.0,92.0,4.7
11168.0,1573.152,15413.0,4.38,2012.0,754.0,100.0,5.0
11995.0,1573.152,14002.0,4.38,2012.0,754.0,100.0,5.0
11995.0,1573.152,13163.0,4.38,2012.0,754.0,100.0,5.0
11494.0,1573.152,14006.0,4.38,2012.0,754.0,100.0,5.0
12995.0,1687.861,10551.0,4.38,2012.0,754.0,100.0,4.7
13999.0,1868.118,7287.0,4.374,2012.0,754.8326035911603,102.0,3.3
12995.0,1250.0,10205.0,2.835,2012.0,754.0,86.0,5.0
7999.0,1201.167,24317.0,3.812,2012.0,754.0,79.0,4.5
7499.0,1689.5,17456.0,4.374,2012.0,754.8326035911603,70.8,5.0
10499.0,1700.0,12385.0,3.962,2012.0,754.8326035911603,81.18,5.3
6495.0,1157.0,11964.0,3.0,2012.0,754.8326035911603,118.0,4.5
5995.0,125.0,19779.0,4.38,2012.0,754.8326035911603,47.2,5.0
13995.0,1687.861,20191.0,4.38,2011.0,756.0,102.0,6.0
13999.0,1573.152,24635.0,4.38,2011.0,756.0,92.6,6.0
13999.0,1573.152,20357.466614906833,4.38,2009.0,756.0,92.6,6.0
14494.0,1573.152,35854.0,4.38,2011.0,756.0,92.6,6.0
13995.0,1573.152,20357.466614906833,4.38,2011.0,756.0,92.6,6.0
13999.0,1573.152,59632.0,4.38,2011.0,756.0,92.6,6.0
5999.0,1687.861,9236.0,4.375,2011.0,756.0,101.0,6.0
12995.0,1687.861,55520.0,4.38,2011.0,756.0,102.0,6.0
14995.0,1687.861,42832.0,4.38,2011.0,756.0,102.0,6.0
15799.0,1687.861,37844.0,4.38,2011.0,756.0,102.0,6.0
15990.0,1687.861,48890.0,4.38,2011.0,756.0,102.0,6.0
12994.0,1687.861,91820.0,4.38,2011.0,756.0,102.0,6.0
15495.0,1687.861,34553.0,4.38,2011.0,756.0,102.0,6.0
14995.0,1573.152,20357.466614906833,4.38,2018.0,756.0,92.6,6.0
19995.0,1802.57,20357.466614906833,4.38,2016.0,756.0,115.0,6.0
11995.0,1573.152,33260.0,4.38,2011.0,754.0,93.7,5.0
15995.0,1573.152,20357.466614906833,4.38,2011.0,754.0,93.7,5.0
16499.0,1687.861,25709.0,4.38,2011.0,756.0,102.0,6.0
16999.0,1687.861,24885.0,4.38,2011.0,756.0,102.0,6.0
16995.0,1687.861,32875.0,4.38,2011.0,756.0,102.0,6.0
19999.0,1802.57,71538.0,4.38,2011.0,756.0,115.0,6.0
11995.0,1573.152,20357.466614906833,4.38,2017.0,754.0,92.0,4.7
10990.0,1573.152,20357.466614906833,4.38,2016.0,754.0,92.0,4.7
27990.0,1573.152,20357.466614906833,4.38,2019.0,754.0,92.0,4.7
10700.0,1573.152,19456.0,4.38,2011.0,754.0,92.0,5.0
10999.0,1573.152,20357.466614906833,4.38,2013.0,754.0,92.0,5.0
10895.0,1573.152,11901.0,4.38,2011.0,754.0,92.0,4.7
11995.0,1573.152,6977.0,4.38,2011.0,754.0,89.0,5.0
12995.0,1050.0,10575.0,2.835,2011.0,754.0,85.0,5.0
7499.0,1731.0,27461.0,4.212,2011.0,754.8326035911603,95.2,5.8
3499.0,1868.118,8755.0,4.375,2011.0,754.8326035911603,109.0,7.8
10999.0,1573.152,20357.466614906833,4.38,1999.0,756.0,92.6,6.0
11994.0,1573.152,50890.0,4.38,2010.0,756.0,92.6,6.0
12995.0,1573.152,51833.0,4.38,2010.0,756.0,92.6,6.0
11999.0,1573.152,20357.466614906833,4.38,2007.0,756.0,92.6,6.0
13499.0,1573.152,65175.0,4.38,2010.0,756.0,92.6,6.0
13995.0,1573.152,20357.466614906833,4.38,2006.0,756.0,92.6,6.0
11995.0,1573.152,69359.0,4.38,2010.0,756.0,92.6,6.0
12995.0,1573.152,9417.0,4.38,2010.0,756.0,92.6,6.0
14995.0,1687.861,19030.0,4.38,2010.0,756.0,102.0,6.0
16494.0,1687.861,82287.0,4.38,2010.0,756.0,102.0,6.0
15795.0,1687.861,39451.0,4.38,2010.0,756.0,102.0,6.0
13295.0,1687.861,35650.0,4.38,2010.0,756.0,102.0,6.0
14495.0,1687.861,40085.0,4.38,2010.0,756.0,102.0,6.0
7339.5,1573.152,36810.0,4.38,2010.0,756.0,92.195,5.0
10995.0,1573.152,20357.466614906833,3.776,2010.0,754.0,93.67,5.0
12499.0,1573.152,20357.466614906833,3.776,2011.0,754.0,93.67,5.0
32995.0,1573.152,14776.0,2.769,2010.0,756.0,92.6,6.0
11999.0,1573.152,23758.0,3.237,2010.0,754.0,92.0,4.7
12950.0,1573.152,11493.0,4.38,2010.0,754.0,92.0,5.0
9995.0,1573.152,18524.0,4.38,2010.0,754.0,92.0,5.0
14499.0,1802.57,31021.0,4.38,2010.0,754.0,113.0,5.0
8495.0,883.259,14160.0,3.812,2010.0,754.0,55.0,3.3
7999.0,1312.0,25934.0,4.068,2010.0,754.8326035911603,104.7,4.4
4999.0,125.0,15974.0,4.374,2010.0,754.8326035911603,93.6,6.0
4995.0,1687.861,25249.0,4.38,2010.0,754.8326035911603,73.0,3.3
4999.0,1584.0,11234.0,4.374,2010.0,754.8326035911603,124.0,3.3
26995.0,1573.152,20357.466614906833,3.811,2010.0,754.8326035911603,92.6,5.0
10995.0,1584.0,20357.466614906833,4.38,2015.0,756.0,92.6,6.0
10995.0,1584.0,39882.0,4.38,2009.0,756.0,92.6,6.0
12995.0,1584.0,13503.0,4.38,2009.0,756.0,92.6,6.0
12599.0,1573.16,20357.466614906833,4.38,2011.0,756.0,92.6,6.0
12995.0,1584.0,20357.466614906833,4.38,2008.0,756.0,92.6,6.0
10595.0,1584.0,35936.0,4.38,2009.0,756.0,92.6,6.0
13995.0,1584.0,56279.0,4.38,2009.0,756.0,92.6,6.0
8295.0,1584.0,79016.0,4.38,2009.0,756.0,92.6,6.0
12494.0,1584.0,48625.0,4.38,2009.0,756.0,92.6,6.0
12995.0,1584.0,36926.0,4.38,2009.0,756.0,92.6,6.0
11994.0,1584.0,17110.0,4.38,2009.0,756.0,92.6,6.0
14995.0,1584.0,15317.0,4.38,2009.0,756.0,92.6,6.0
12999.0,1584.0,35305.0,4.38,2009.0,756.0,92.6,6.0
23995.0,1250.0,20357.466614906833,2.808,2009.0,754.8326035911603,113.6,6.0
14999.0,1584.0,32495.0,4.38,2009.0,756.0,92.6,6.0
14995.0,1584.0,45529.0,4.38,2009.0,756.0,92.6,6.0
15999.0,1584.0,36940.0,4.38,2009.0,756.0,92.6,6.0
13895.0,1584.0,35598.0,4.38,2009.0,756.0,92.6,6.0
5143.95,1584.0,46915.0,4.38,2009.0,754.0,89.8,5.0
14995.0,1584.0,58530.0,4.38,2009.0,756.0,100.0,6.0
13499.0,1584.0,38008.0,4.38,2009.0,756.0,111.0,6.0
12490.0,1584.0,13395.0,4.38,2009.0,754.0,87.9,5.0
9995.0,1584.0,26710.0,4.38,2009.0,754.0,92.0,5.0
8995.0,1584.0,57625.0,4.38,2009.0,754.0,92.0,5.0
8990.0,1584.0,65738.0,4.38,2009.0,754.0,92.0,5.0
13499.0,1803.0,27472.0,4.38,2009.0,754.0,114.0,5.0
10299.0,1584.0,9207.0,4.38,2009.0,754.0,92.0,4.8
12995.0,1584.0,12055.0,4.38,2009.0,754.0,87.9,5.0
10999.0,1584.0,26690.0,4.38,2009.0,754.0,87.9,5.0
11995.0,1584.0,28272.0,4.38,2009.0,754.0,87.9,5.0
7995.0,1202.806,15890.0,3.812,2009.0,754.0,79.0,3.3
7995.0,1202.806,8194.0,3.812,2009.0,754.0,79.0,3.3
5999.0,882.604,20042.0,3.81,2009.0,754.0,55.0,3.3
7595.0,1689.5,21101.0,3.0,2009.0,754.8326035911603,64.944,6.0
6295.0,244.0,12227.0,3.811,2009.0,754.8326035911603,124.0,4.7
4994.0,1753.409,54852.0,4.38,2009.0,754.8326035911603,92.6,5.0
6999.0,1649.0,4769.0,4.374,2009.0,754.8326035911603,104.7,2.21
3990.0,1584.0,22259.0,2.808,2009.0,754.8326035911603,104.7,7.0
6999.0,1687.861,29283.0,4.38,2008.0,754.8326035911603,110.6,4.914
10499.0,250.0,15579.0,4.5,2008.0,754.8326035911603,111.0,6.0
9995.0,1247.051,78550.0,3.811,2008.0,754.8326035911603,119.0,4.7
11995.0,50.0,38232.0,4.38,2008.0,756.0,92.6,6.0
8999.0,1689.5,45397.0,4.38,2008.0,756.0,92.6,6.0
10995.0,1868.118,69409.0,4.38,2008.0,756.0,92.6,6.0
12999.0,1689.5,16017.0,4.38,2008.0,756.0,92.6,6.0
13995.0,1753.409,32025.0,4.38,2008.0,756.0,92.6,6.0
13995.0,1500.0,35930.0,4.38,2008.0,756.0,92.6,6.0
12995.0,1689.5,25769.0,4.38,2008.0,756.0,92.6,6.0
11987.0,937.0,25762.0,4.38,2008.0,756.0,92.6,6.0
9995.0,883.0,31863.0,4.38,2008.0,756.0,92.6,6.0
13995.0,1573.152,32692.0,4.38,2008.0,756.0,92.6,6.0
10499.0,1573.152,19211.0,4.38,2008.0,754.0,89.0,5.0
11995.0,1573.152,30795.0,4.38,2008.0,754.0,89.0,5.0
11995.0,1800.931,21376.0,4.38,2008.0,754.0,89.0,5.0
10995.0,1584.0,45233.0,4.38,2008.0,754.0,89.0,5.0
13295.0,124.0,30098.0,4.38,2008.0,756.0,92.6,6.0
13999.0,1868.0,38996.0,4.38,2008.0,756.0,92.6,6.0
10995.0,1573.152,13013.0,4.38,2008.0,754.0,86.0,5.0
9495.0,1442.056,30370.0,4.38,2008.0,754.0,91.0,4.8
9995.0,1753.409,10476.0,4.38,2008.0,754.0,91.0,5.1
619.5,1449.0,12443.0,4.38,2008.0,754.0,91.0,5.1
12999.0,1800.0,20607.0,4.38,2008.0,754.0,105.0,5.0
10495.0,1300.0,36760.0,4.38,2008.0,754.0,92.0,5.1
11199.0,1573.152,12790.0,4.38,2008.0,754.0,92.0,5.1
8295.0,645.0,36726.0,4.38,2008.0,754.0,86.0,5.0
10495.0,1442.056,23001.0,4.38,2008.0,754.8326035911603,119.0,5.0
8990.0,1573.152,21705.0,3.962,2008.0,754.8326035911603,55.0,2.1
12995.0,125.0,19260.0,4.374,2008.0,754.8326035911603,122.0,4.42
5990.0,1.301,35740.0,3.0,2008.0,754.8326035911603,104.7,6.0
3895.0,1868.0,9630.0,3.0,2008.0,754.8326035911603,89.0,7.0
5995.0,999.0,36602.0,4.5,2008.0,754.8326035911603,92.6,2.1
5999.0,1450.0,23689.0,4.374,2008.0,754.8326035911603,92.6,6.0
4499.0,1449.0,9985.0,4.374,2008.0,754.8326035911603,104.7,6.0
7999.0,1170.0,7807.0,3.0,2008.0,754.8326035911603,105.5,4.7
10499.0,1573.152,30975.0,4.38,2007.0,756.0,100.0,5.0
10799.0,1573.152,41453.0,4.38,2007.0,756.0,114.0,5.0
12995.0,650.0,40718.0,3.959,2007.0,754.8326035911603,118.0,6.0
11999.0,883.259,10042.0,4.38,2007.0,756.0,92.6,6.0
12999.0,1868.0,32755.0,4.38,2007.0,756.0,92.6,5.0
12995.0,1202.806,47359.0,4.38,2007.0,756.0,92.6,5.0
11595.0,1130.0,29838.0,4.38,2007.0,756.0,92.6,5.0
10990.0,1130.703,51000.0,4.38,2007.0,756.0,92.6,5.0
12999.0,1200.0,27629.0,4.38,2007.0,756.0,92.6,5.0
13995.0,1300.0,47293.0,4.38,2007.0,756.0,92.6,5.0
10450.0,1689.5,69035.0,4.38,2007.0,756.0,92.6,5.0
9995.0,1584.0,61026.0,4.38,2007.0,754.8326035911603,115.0,5.0
8999.0,1584.0,26496.0,4.339,2007.0,754.0,105.0,4.8
9999.0,1584.0,13761.0,4.339,2007.0,754.0,105.0,4.8
11999.0,1573.152,36776.0,4.38,2007.0,754.0,86.0,5.0
10995.0,1573.152,5785.0,4.339,2007.0,754.0,105.0,4.9
10999.0,1130.703,18796.0,3.0,2007.0,754.0,85.0,5.0
12995.0,1200.0,7788.0,3.776,2007.0,754.8326035911603,99.5,4.5
6995.0,1200.0,16899.0,3.776,2007.0,754.8326035911603,111.4,4.5
6995.0,1200.0,10188.0,3.776,2007.0,754.8326035911603,119.2,4.5
6495.0,883.0,3622.0,3.776,2007.0,754.0,104.7,3.3
4499.0,998.0,9866.0,4.374,2007.0,754.8326035911603,65.8,5.0
4495.0,1247.051,27733.0,3.0,2007.0,754.8326035911603,122.0,5.0
4995.0,1690.0,37871.0,4.449,2007.0,754.8326035911603,102.0,4.5
6499.0,890.0,34275.0,4.38,2007.0,754.8326035911603,95.2,5.0
4195.0,1689.5,34806.0,3.962,2007.0,754.8326035911603,70.8,6.0
5499.0,1753.409,23344.0,3.0,2007.0,754.8326035911603,100.0,4.94
4999.0,279.0,8897.0,3.0,2006.0,754.8326035911603,81.18,6.0
12995.0,1450.0,23817.0,3.959,2006.0,754.8326035911603,102.0,5.0
11995.0,1450.0,19901.0,3.959,2006.0,754.8326035911603,104.7,5.0
8595.0,1450.0,28908.0,3.959,2006.0,754.8326035911603,122.0,5.0
11995.0,1450.0,25332.0,3.959,2006.0,754.8326035911603,109.0,5.0
6999.0,1450.0,81474.0,3.959,2006.0,754.8326035911603,119.2,5.0
8499.0,1450.0,72902.0,3.959,2006.0,754.8326035911603,92.0,5.0
9699.0,1450.0,60287.0,3.959,2006.0,754.8326035911603,92.0,5.0
9995.0,1450.0,31293.0,3.959,2006.0,754.8326035911603,93.67,5.0
9499.0,1450.0,51672.0,3.959,2006.0,754.8326035911603,81.18,5.0
10895.0,1450.0,62948.0,3.959,2006.0,754.8326035911603,100.0,5.0
9995.0,1450.0,20357.466614906833,3.959,2017.0,754.8326035911603,111.0,5.0
9999.0,1450.0,40215.0,3.959,2006.0,754.8326035911603,63.689,5.0
9995.0,1450.0,79069.0,3.959,2006.0,754.8326035911603,73.0,5.0
10595.0,1450.0,39703.0,3.959,2006.0,754.8326035911603,111.0,5.0
12999.0,1442.056,2421.0,4.0,2006.0,754.0,85.0,5.0
9999.0,1450.0,39563.0,3.959,2006.0,754.8326035911603,112.1,5.0
9999.0,1450.0,28851.0,3.959,2006.0,754.8326035911603,118.0,5.0
9995.0,1450.0,47000.0,3.959,2006.0,754.8326035911603,70.8,5.0
10995.0,1450.0,22790.0,3.959,2006.0,754.8326035911603,92.6,5.0
10999.0,1449.0,12625.0,3.959,2006.0,754.8326035911603,105.5,6.0
15999.0,1450.0,21562.0,3.959,2006.0,754.8326035911603,109.0,5.0
9995.0,1450.0,35211.0,3.959,2006.0,754.8326035911603,98.8,5.0
9995.0,1442.056,15791.0,4.0,2006.0,754.0,105.0,4.7
6999.0,1442.056,24339.0,4.0,2006.0,754.0,105.0,4.7
9499.0,1442.056,10718.0,4.0,2006.0,754.0,105.0,4.8
5999.0,1442.056,30750.0,4.0,2006.0,754.0,105.0,4.8
8995.0,1442.056,24379.0,4.0,2006.0,754.0,85.0,1.0
4188.45,1442.056,20357.466614906833,4.0,2006.0,754.0,85.0,5.0
12995.0,1130.0,20357.466614906833,2.808,2006.0,754.8326035911603,100.0,5.0
10995.0,1130.0,2721.0,2.808,2006.0,754.8326035911603,53.8,5.0
9995.0,1130.0,11911.0,2.808,2006.0,754.8326035911603,70.8,5.0
10499.0,1130.0,14426.0,2.808,2006.0,754.8326035911603,78.228,5.0
4999.0,1199.528,18439.0,3.81,2006.0,754.0,79.0,4.5
4995.0,882.66,19853.0,3.8,2006.0,754.8326035911603,51.0,3.3
6295.0,882.604,10757.0,3.81,2006.0,754.8326035911603,51.0,3.3
3995.0,1689.5,19020.0,4.375,2006.0,754.8326035911603,107.7,5.0
4999.0,1130.0,4010.0,4.38,2006.0,754.8326035911603,119.0,3.64
4999.0,1584.0,19769.0,4.375,2006.0,754.8326035911603,104.7,6.0
6999.0,1584.0,20694.0,4.374,2006.0,754.8326035911603,118.0,6.0
5499.0,1338.0,185.0,3.962,2006.0,754.8326035911603,113.0,6.0
10995.0,1584.0,32301.0,4.341,2005.0,754.8326035911603,92.663,4.914
11995.0,1449.0,30001.0,3.962,2005.0,754.8326035911603,81.18,4.914
12995.0,1449.0,30962.0,3.962,2005.0,754.8326035911603,81.18,4.914
10490.0,1449.0,37657.0,3.962,2005.0,754.8326035911603,81.18,4.914
8995.0,1449.0,91820.0,3.962,2005.0,754.8326035911603,81.18,4.914
9995.0,1449.0,51744.0,3.962,2005.0,754.8326035911603,81.18,4.914
12995.0,1442.0,23984.0,3.962,2005.0,754.8326035911603,85.062,4.919
13995.0,1442.0,37234.0,3.962,2005.0,754.8326035911603,85.062,4.919
11995.0,1200.0,30000.0,4.375,2005.0,754.8326035911603,95.2,2.1
9999.0,1450.0,60561.0,3.962,2005.0,754.8326035911603,86.346,4.914
8995.0,50.0,53338.0,2.808,2005.0,754.8326035911603,76.7,5.3
7999.0,84.9,18131.0,4.38,2005.0,754.8326035911603,100.0,3.9
9999.0,1450.0,22381.0,3.962,2005.0,754.8326035911603,78.228,4.81
8999.0,1449.0,33344.0,3.962,2005.0,754.8326035911603,78.228,4.836
10995.0,1450.0,45696.0,3.962,2005.0,754.8326035911603,78.228,4.94
13195.0,1130.0,24161.0,2.808,2005.0,754.8326035911603,64.944,3.64
12995.0,1130.0,20729.0,2.808,2005.0,754.8326035911603,64.944,3.64
8199.0,1130.0,20549.0,2.808,2005.0,754.8326035911603,77.49,3.64
11494.0,1246.0,27750.0,2.812,2005.0,754.8326035911603,99.5,3.64
4499.0,1200.0,28956.0,3.775,2005.0,754.8326035911603,72.324,4.42
8994.0,1731.0,48056.0,4.374,2005.0,754.8326035911603,98.8,5.0
3995.0,1573.152,43859.0,4.375,2005.0,754.8326035911603,119.0,6.0
7995.0,1170.0,7624.0,4.5,2005.0,754.8326035911603,104.7,3.5
5995.0,124.0,20357.466614906833,4.38,2005.0,754.8326035911603,100.0,6.0
5995.0,660.0,20357.466614906833,4.374,2005.0,754.8326035911603,38.0,4.5
3499.0,1868.118,15738.0,4.5,2005.0,754.8326035911603,110.0,1.95
4999.0,749.0,23038.0,3.962,2004.0,754.8326035911603,100.0,6.0
8995.0,1450.0,20357.466614906833,3.962,2008.0,754.8326035911603,81.18,4.914
9995.0,1746.0,31134.0,4.38,2004.0,754.8326035911603,105.5,4.914
9995.0,1449.0,43209.0,3.962,2004.0,754.8326035911603,81.18,4.914
7995.0,1449.0,20357.466614906833,3.962,2011.0,754.8326035911603,78.228,5.122
6995.0,1449.0,9024.0,3.962,2004.0,754.8326035911603,78.228,4.94
8999.0,1449.0,25000.0,3.962,2004.0,754.8326035911603,78.228,4.836
8995.0,1449.0,27070.0,3.962,2004.0,754.8326035911603,78.228,4.81
10995.0,1130.0,11500.0,2.808,2004.0,754.8326035911603,64.944,3.64
4499.0,1338.0,2779.0,4.38,2004.0,754.8326035911603,122.0,4.5
9994.0,1449.0,67494.0,4.5,2003.0,754.8326035911603,102.0,6.0
7995.0,1802.57,73545.0,3.962,2003.0,754.8326035911603,70.8,6.0
7999.0,1449.0,34149.0,3.962,2003.0,754.8326035911603,77.49,4.914
8995.0,1449.0,26801.0,3.962,2003.0,754.8326035911603,78.228,4.836
6490.0,1449.0,38788.0,3.962,2003.0,754.8326035911603,78.228,4.836
9995.0,1130.0,3700.0,2.808,2003.0,754.8326035911603,64.944,3.64
6990.0,1200.0,8325.0,3.775,2003.0,754.8326035911603,72.324,4.42
5499.0,1200.0,23053.0,4.38,2003.0,754.8326035911603,93.6,5.122
4999.0,883.0,41863.0,3.775,2003.0,754.8326035911603,51.66,4.42
7999.0,1923.0,26962.0,4.5,2003.0,754.8326035911603,116.0,6.0
3495.0,1202.806,41636.0,4.374,2003.0,754.8326035911603,100.0,3.6
4499.0,1573.152,30000.0,4.212,2003.0,754.8326035911603,96.9,6.0
3495.0,1868.0,39790.0,4.5,2002.0,754.8326035911603,104.7,5.55
6595.0,1689.5,80480.0,3.811,2002.0,754.8326035911603,115.1,6.0
7995.0,1449.0,62394.0,3.962,2002.0,754.8326035911603,78.228,4.914
10995.0,1130.0,7226.0,2.808,2002.0,754.8326035911603,64.944,3.64
5995.0,1200.0,52150.0,3.775,2002.0,754.8326035911603,72.324,4.42
3495.0,1064.0,35265.0,4.5,2001.0,754.8326035911603,72.324,6.0
9990.0,1689.5,20357.466614906833,3.962,2001.0,754.8326035911603,93.6,5.0
6990.0,1450.0,89964.0,3.962,2001.0,754.8326035911603,81.18,4.914
8995.0,1449.0,46561.0,3.962,2001.0,754.8326035911603,81.18,4.914
3995.0,1689.5,34721.0,4.374,2001.0,754.8326035911603,111.4,6.0
4999.0,744.0,27427.0,4.341,2001.0,754.8326035911603,98.8,2.1
3999.0,1868.0,39284.0,4.374,2001.0,754.8326035911603,114.0,5.0
8995.0,1450.0,62358.0,3.962,2000.0,754.8326035911603,81.18,4.914
5999.0,1449.0,27959.0,4.38,2000.0,754.8326035911603,53.8,6.0
9495.0,1449.0,33604.0,3.962,2000.0,754.8326035911603,81.18,4.914
14995.0,1449.0,50390.0,3.962,2000.0,754.8326035911603,81.18,4.94
8995.0,1449.0,59312.0,3.962,2000.0,754.8326035911603,78.228,4.81
4995.0,1450.0,8801.0,4.374,2000.0,754.8326035911603,100.0,5.0
6999.0,900.0,31662.0,4.38,2000.0,754.8326035911603,105.5,6.0
3995.0,1352.0,34000.0,4.5,2000.0,754.8326035911603,53.8,4.914
8990.0,1449.0,64639.0,3.962,1999.0,754.8326035911603,78.228,4.836
7995.0,1338.0,51239.0,4.212,1999.0,754.8326035911603,73.062,5.122
7995.0,1337.0,41426.0,4.212,1998.0,754.8326035911603,78.228,4.914
8995.0,1337.0,33694.0,4.212,1998.0,754.8326035911603,87.0,4.68
5999.0,1800.931,31634.0,3.962,1998.0,754.8326035911603,72.324,5.0
4999.0,1450.0,43868.0,4.374,1997.0,754.8326035911603,105.5,4.81
4590.0,1200.0,19014.0,3.775,1996.0,754.8326035911603,72.324,4.42
6995.0,1340.0,13810.0,4.375,1994.0,754.8326035911603,100.0,5.5
7995.0,1337.0,10520.0,4.375,1993.0,754.8326035911603,87.9,4.16
1499.0,937.0,71245.0,2.835,1985.0,754.8326035911603,114.0,4.5
4490.0,1868.0,32200.0,2.808,1984.0,754.8326035911603,55.0,6.0
2495.0,1689.5,22499.0,3.962,1983.0,754.8326035911603,105.5,6.0
2995.0,1687.861,33908.0,2.808,1983.0,754.8326035911603,100.0,4.914
8990.0,1868.118,49495.0,3.811,1982.0,754.8326035911603,87.0,5.122
10995.0,1254.0,25623.0,4.374,1978.0,754.8326035911603,111.4,4.7
22499.0,1449.0,7450.0,3.962,2022.0,754.8326035911603,53.8,4.42
6995.0,1753.409,90.0,3.959,2022.0,754.8326035911603,98.7,4.94
7899.0,1689.5,392.0,4.38,2021.0,754.8326035911603,92.0,4.914
18995.0,1450.0,20357.466614906833,4.38,2021.0,754.8326035911603,100.0,4.7
21795.0,1687.861,20357.466614906833,4.374,2021.0,754.8326035911603,118.0,6.0
4895.0,998.0,70.0,3.8,2021.0,754.8326035911603,124.0,6.0
8995.0,1449.0,3222.0,4.5,2020.0,754.8326035911603,81.18,5.0
12999.0,1689.5,20357.466614906833,4.38,2019.0,754.8326035911603,87.0,3.5
10999.0,125.0,4107.0,3.811,2019.0,754.8326035911603,92.0,6.0
21995.0,1802.57,2452.0,4.374,2018.0,754.8326035911603,95.2,3.3
5499.0,1689.5,7519.0,3.0,2018.0,754.8326035911603,100.0,6.0
17999.0,1130.0,23063.0,4.374,2016.0,754.8326035911603,111.0,3.5
7499.0,883.259,2515.0,4.375,2014.0,754.8326035911603,92.0,2.96
6495.0,1687.861,16590.0,4.374,2014.0,754.8326035911603,97.4,5.0
17999.0,1746.0,14315.0,3.962,2013.0,754.8326035911603,72.324,6.0
21999.0,1689.5,11497.0,4.374,2012.0,754.8326035911603,113.6,5.1
26238.45,1584.0,3173.0,3.962,2012.0,754.8326035911603,109.0,6.0
3999.0,1584.0,37831.0,3.0,2012.0,754.8326035911603,122.0,4.7
10995.0,1746.0,58393.0,4.374,2011.0,754.8326035911603,78.228,4.914
7250.0,1650.0,23066.0,3.811,2009.0,754.8326035911603,110.0,5.1
11990.0,500.0,30649.0,4.5,2009.0,754.8326035911603,85.062,4.914
5999.0,1868.0,14713.0,4.38,2008.0,754.8326035911603,112.1,2.1
12495.0,1201.167,26907.0,4.5,2008.0,754.8326035911603,78.228,3.5
11495.0,124.0,19746.0,4.38,2008.0,754.8326035911603,92.6,5.0
24995.0,1746.0,11289.0,4.38,2008.0,754.8326035911603,85.0,6.0
5399.0,1687.861,57485.0,3.962,2008.0,754.8326035911603,122.0,6.0
6995.0,1746.0,7557.0,4.374,2008.0,754.8326035911603,99.5,4.836
8995.0,1687.861,12798.0,4.38,2008.0,754.8326035911603,102.0,5.0
16995.0,1442.0,5429.0,4.38,2007.0,754.8326035911603,118.0,5.0
5999.0,1573.152,14810.0,3.811,2007.0,754.8326035911603,112.1,5.0
5999.0,1746.0,18877.0,4.38,2007.0,754.8326035911603,98.8,4.7
4995.0,1450.0,3951.0,4.375,2007.0,754.8326035911603,110.0,2.1
9495.0,753.802,62319.0,2.835,2006.0,754.8326035911603,102.0,2.1
10995.0,250.0,24846.0,4.374,2006.0,754.8326035911603,95.2,5.0
10795.0,1200.0,3784.0,4.5,2006.0,754.8326035911603,105.5,5.0
4995.0,1746.0,10461.0,4.374,2006.0,754.8326035911603,125.0,3.5
8995.0,1923.0,5670.0,3.959,2005.0,754.8326035911603,95.2,6.0
5999.0,1802.57,7602.0,4.38,2005.0,754.8326035911603,78.228,5.0
9995.0,883.259,29514.0,3.812,2005.0,754.8326035911603,53.8,4.5
9995.0,883.0,31417.0,3.811,2005.0,754.8326035911603,111.4,4.8
18994.0,1584.0,16123.0,4.341,2005.0,754.8326035911603,92.663,4.914
7995.0,1449.0,36708.0,3.962,2005.0,754.8326035911603,81.18,4.914
7995.0,1449.0,69225.0,3.962,2005.0,754.8326035911603,81.18,4.914
7495.0,1449.0,30185.0,3.962,2005.0,754.8326035911603,78.228,5.122
8995.0,1449.0,28184.0,3.962,2005.0,754.8326035911603,78.228,5.122
4499.0,1450.0,20357.466614906833,3.962,2005.0,754.8326035911603,86.346,4.914
6999.0,1449.0,41661.0,3.962,2005.0,754.8326035911603,78.228,4.836
8995.0,1449.0,27034.0,3.962,2005.0,754.8326035911603,78.228,4.836
5995.0,1200.0,18304.0,3.775,2005.0,754.8326035911603,72.324,4.42
24139.5,1130.0,40079.0,4.375,2005.0,754.8326035911603,105.0,5.0
3995.0,1202.806,19375.0,2.835,2005.0,754.8326035911603,98.8,6.0
4995.0,1689.5,10314.0,4.375,2005.0,754.8326035911603,113.6,6.0
5999.0,1573.152,20357.466614906833,4.5,2004.0,754.8326035911603,100.0,6.0
10295.0,850.0,30539.0,4.38,2004.0,754.8326035911603,53.8,6.0
7999.0,1340.0,57089.0,4.374,2004.0,754.8326035911603,100.0,6.0
7995.0,1584.0,61237.0,4.374,2004.0,754.8326035911603,97.4,6.0
13999.0,1689.5,34399.0,3.775,2004.0,754.8326035911603,111.4,6.0
9299.0,1130.0,17061.0,2.808,2004.0,754.8326035911603,77.49,3.64
9995.0,1130.0,20357.466614906833,2.808,2004.0,754.8326035911603,77.49,3.64
3999.0,883.0,415.0,3.775,2004.0,754.8326035911603,51.66,4.42
4299.0,1584.0,20335.0,3.962,2004.0,754.8326035911603,100.0,6.0
6999.0,1689.5,10614.0,4.374,2003.0,754.8326035911603,53.8,3.64
5999.0,1689.5,25195.0,4.38,2003.0,754.8326035911603,111.4,5.122
7499.0,1450.0,20357.466614906833,3.962,2003.0,754.8326035911603,81.18,4.914
8990.0,1450.0,76274.0,3.962,2003.0,754.8326035911603,81.18,4.914
6895.0,750.0,41537.0,3.962,2003.0,754.8326035911603,111.0,4.7
8999.0,1449.0,71436.0,3.962,2003.0,754.8326035911603,81.18,4.914
8999.0,1449.0,24534.0,3.962,2003.0,754.8326035911603,81.18,4.914
9795.0,1449.0,27111.0,3.962,2003.0,754.8326035911603,78.228,5.122
14995.0,1199.528,38807.0,4.38,2003.0,754.8326035911603,109.0,4.7
7995.0,1687.861,38752.0,4.38,2003.0,754.8326035911603,77.49,6.0
9995.0,1130.0,15684.0,2.808,2003.0,754.8326035911603,64.944,3.64
4999.0,1200.0,7977.0,3.775,2003.0,754.8326035911603,72.324,4.42
4995.0,877.0,33784.0,4.38,2003.0,754.8326035911603,91.0,5.0
18999.0,1689.5,28007.0,4.375,2003.0,754.8326035911603,113.6,6.0
4999.0,1687.861,20258.0,4.38,2003.0,754.8326035911603,104.7,6.0
10995.0,1450.0,40228.0,3.962,2002.0,754.8326035911603,81.18,4.914
6995.0,1450.0,14993.0,3.962,2002.0,754.8326035911603,78.228,4.88
8999.0,1449.0,23013.0,3.962,2002.0,754.8326035911603,78.228,4.81
4499.0,1802.57,34987.0,4.375,2002.0,754.8326035911603,122.0,6.0
8995.0,1449.0,9324.0,3.962,2001.0,754.8326035911603,78.228,4.94
7450.0,1449.0,36453.0,3.962,2001.0,754.8326035911603,78.228,4.81
4295.0,1200.0,23640.0,3.775,2001.0,754.8326035911603,72.324,4.42
3999.0,1200.0,11531.0,3.775,2001.0,754.8326035911603,72.324,4.42
2999.0,750.0,12329.0,4.5,2001.0,754.8326035911603,86.0,4.94
5199.0,848.0,63000.0,2.835,2001.0,754.8326035911603,92.6,4.7
995.0,1442.0,20357.466614906833,4.375,2001.0,754.8326035911603,100.0,6.0
9995.0,1450.0,42988.0,3.962,2000.0,754.8326035911603,81.18,4.914
7995.0,1449.0,30250.0,3.962,2000.0,754.8326035911603,81.18,4.914
6999.0,1449.0,20357.466614906833,3.962,2000.0,754.8326035911603,78.228,4.94
6995.0,1449.0,75225.0,3.962,2000.0,754.8326035911603,78.228,4.836
8995.0,1449.0,10067.0,3.962,2000.0,754.8326035911603,78.228,4.81
3495.0,1200.0,46464.0,3.775,2000.0,754.8326035911603,72.324,4.42
2499.0,1190.0,13305.0,4.374,2000.0,754.8326035911603,125.0,5.0
2999.0,1800.931,28883.0,3.962,2000.0,754.8326035911603,87.0,4.914
7995.0,1449.0,20357.466614906833,3.962,1999.0,754.8326035911603,109.0,4.914
12995.0,1449.0,38279.0,3.962,1999.0,754.8326035911603,81.18,4.94
4295.0,1450.0,41579.0,3.962,1999.0,754.8326035911603,122.0,4.94
3999.0,1130.0,27900.0,4.374,1999.0,754.8326035911603,123.0,3.4
5999.0,1573.152,19882.0,3.962,1998.0,754.8326035911603,111.0,5.0
7995.0,1338.0,26345.0,4.212,1998.0,754.8326035911603,71.586,4.914
2499.0,1573.152,20357.466614906833,4.38,1998.0,754.8326035911603,92.6,2.1
5999.0,900.0,19138.0,3.0,1997.0,754.8326035911603,100.0,4.94
4499.0,1338.0,8931.0,4.374,1995.0,754.8326035911603,122.0,4.914
4995.0,1689.5,8937.0,2.808,1995.0,754.8326035911603,107.6,6.0
7995.0,1338.0,31534.0,4.212,1993.0,754.8326035911603,63.689,4.914
11917.5,1200.0,15000.0,4.212,2006.0,754.8326035911603,95.2,2.86
2100.0,750.0,48000.0,4.374,2015.0,754.8326035911603,109.0,6.0
472.5,49.0,1649.0,4.375,2016.0,754.8326035911603,85.0,4.94
2677.5,49.0,49.0,4.375,2006.0,754.8326035911603,122.0,5.0
5250.0,1753.409,1050.0,3.81,2014.0,754.8326035911603,122.0,6.0
7560.0,744.0,10500.0,4.374,2008.0,754.0,111.4,6.0
8715.0,650.0,830.0,4.5,2016.0,754.0,100.0,3.5
21000.0,1923.0,52000.0,4.38,2017.0,754.8326035911603,87.0,4.914
2100.0,848.0,88500.0,3.0,2014.0,754.8326035911603,116.0,4.7
724.5,1130.0,81300.0,4.374,2022.0,754.8326035911603,100.0,6.0
3465.0,996.0,46000.0,4.449,2009.0,754.0,104.7,5.0
4725.0,649.0,11550.0,4.38,2013.0,754.8326035911603,53.8,6.0
3150.0,250.0,50.0,3.0,2008.0,754.0,97.4,6.0
6193.95,1690.0,1000.0,4.38,2016.0,754.8326035911603,78.228,3.3
682.5,125.0,24083.0,2.808,2017.0,754.8326035911603,70.8,6.0
6300.0,883.259,24499.0,4.5,2008.0,754.8326035911603,92.6,6.0
4725.0,500.0,9250.0,3.811,2015.0,754.0,99.5,4.836
15540.0,1260.0,1004.0,4.38,2018.0,754.8326035911603,119.0,3.7
3465.0,599.0,9330.0,3.8,2013.0,754.0,105.5,3.3
5244.75,459.0,28600.0,3.811,2018.0,754.8326035911603,98.8,6.0
2100.0,459.0,26800.0,4.38,2014.0,754.0,100.0,6.0
5775.0,1000.0,26000.0,4.374,2005.0,754.8326035911603,92.0,3.3
2625.0,1573.152,29500.0,4.374,1978.0,754.8326035911603,118.0,4.2
14595.0,3947.0,72150.0,4.5,2019.0,756.0,45.72,6.0
2415.0,600.0,43000.0,4.38,2011.0,754.8326035911603,70.8,6.0
4609.5,900.0,29000.0,4.374,2021.0,754.0,105.5,6.0
6193.95,278.0,1118.0,4.375,2016.0,754.0,38.0,6.0
1548.75,125.0,10682.0,4.374,1998.0,754.8326035911603,100.0,3.3
619.5,1746.0,5397.0,2.929,2019.0,754.8326035911603,105.5,4.7
11025.0,1765.0,38750.0,4.5,2001.0,754.8326035911603,92.6,5.0
3990.0,493.0,35095.0,4.5,2021.0,754.0,106.2,3.5
5985.0,1689.5,18000.0,3.811,2006.0,754.8326035911603,92.6,3.3
2677.5,1190.0,29800.0,4.374,2017.0,754.8326035911603,51.0,3.4
7770.0,1079.0,18495.0,4.374,2015.0,754.8326035911603,99.5,6.0
3150.0,599.0,6050.0,4.374,2012.0,754.8326035911603,89.8,4.7
3675.0,124.0,7000.0,4.38,2021.0,754.0,70.8,6.0
7560.0,800.0,31500.0,4.5,2011.0,754.8326035911603,92.0,5.0
6247.5,1689.5,41746.0,3.811,2014.0,754.8326035911603,53.8,6.0
3675.0,645.0,73300.0,4.374,2017.0,754.0,104.7,5.0
1785.0,750.0,32000.0,3.962,1999.0,754.0,92.6,6.0
1050.0,583.0,61000.0,4.449,2014.0,754.8326035911603,55.0,2.1
1575.0,598.0,60000.0,4.374,2018.0,754.8326035911603,92.663,6.0
8400.0,1753.409,19000.0,4.374,2008.0,754.8326035911603,100.0,4.42
4515.0,1500.0,62000.0,4.375,2004.0,754.8326035911603,81.18,6.0
4095.0,1300.0,24000.0,4.375,2020.0,754.8326035911603,100.0,4.42
12075.0,800.0,7000.0,4.374,2020.0,754.8326035911603,92.6,6.0
6037.5,645.0,47000.0,4.374,2009.0,754.0,102.0,5.0
2625.0,1689.5,62000.0,4.38,2016.0,754.8326035911603,109.0,3.5
4723.95,645.0,57000.0,4.0,2013.0,754.0,98.8,5.0
17499.3,1170.0,19400.0,4.5,2016.0,754.0,115.0,6.0
1785.0,125.0,14700.0,2.808,1999.0,754.8326035911603,118.0,4.7
7350.0,1573.152,49500.0,4.374,2011.0,754.8326035911603,119.0,5.1
3990.0,314.0,25000.0,4.38,2022.0,754.0,104.7,5.0
2625.0,1689.5,950.0,4.374,2022.0,754.8326035911603,53.8,6.0
7245.0,1200.0,49500.0,4.375,2015.0,754.8326035911603,46.0,4.7
5775.0,1746.0,26029.0,4.375,2015.0,754.8326035911603,102.0,3.5
2520.0,1868.0,50000.0,4.38,2009.0,754.8326035911603,86.346,6.0
11550.0,1689.5,3500.0,4.38,2003.0,754.8326035911603,104.7,3.6
6825.0,800.0,11500.0,4.5,2020.0,754.8326035911603,92.6,6.0
6195.0,1300.0,46390.0,4.38,2000.0,754.0,119.0,6.0
2362.5,1450.0,520.0,4.374,2020.0,754.8326035911603,98.7,2.1
1575.0,280.0,16400.0,4.38,2015.0,754.0,122.0,6.0
4725.0,1050.0,71000.0,4.374,2018.0,754.0,104.7,6.0
23100.0,1690.0,2000.0,4.38,2016.0,754.8326035911603,64.944,5.0
14700.0,750.0,3560.0,4.38,2006.0,754.8326035911603,102.0,4.914
3150.0,1746.0,700.0,4.374,2007.0,754.8326035911603,87.9,6.0
6718.95,1687.861,156.0,4.38,2012.0,754.8326035911603,38.0,4.7
3885.0,1200.0,51000.0,4.375,2022.0,754.8326035911603,110.0,6.0
5775.0,744.0,13600.0,4.0,2014.0,754.0,100.0,5.0
7560.0,1689.5,9000.0,4.38,2016.0,754.8326035911603,105.5,6.0
3499.65,850.0,37647.0,4.374,2002.0,754.8326035911603,98.8,6.0
7980.0,1170.0,83647.0,3.962,2004.0,754.0,114.0,4.7
3307.5,1130.0,26400.0,4.38,2017.0,754.8326035911603,123.0,5.0
3307.5,1130.0,26400.0,4.0,2006.0,754.8326035911603,73.0,6.0
8295.0,650.0,43000.0,4.5,2014.0,754.8326035911603,116.5,4.836
6825.0,1100.0,2200.0,4.5,2019.0,754.8326035911603,81.18,4.7
12075.0,963.0,2642.0,4.38,2008.0,756.0,125.0,6.0
13125.0,1687.861,18000.0,4.5,2004.0,754.8326035911603,92.6,4.8
4095.0,1689.5,50000.0,4.374,2017.0,754.8326035911603,92.0,6.0
4515.0,600.0,9644.0,4.374,2015.0,754.8326035911603,81.18,6.0
7245.0,1170.0,39052.0,4.5,2016.0,754.0,93.6,6.0
4987.5,1746.0,2651.0,4.374,2001.0,754.8326035911603,78.228,5.0
20475.0,250.0,6017.0,4.38,2004.0,754.8326035911603,123.0,6.0
28875.0,1573.152,15447.0,4.38,2017.0,754.8326035911603,110.0,6.0
3759.0,125.0,13800.0,4.374,2017.0,754.0,98.7,6.0
6825.0,750.0,13500.0,4.5,2019.0,754.0,104.7,5.0
18375.0,340.0,19500.0,4.375,1996.0,754.8326035911603,104.7,4.7
514.5,650.0,14500.0,4.38,2016.0,754.8326035911603,104.7,5.0
15592.5,1450.0,21000.0,4.374,2006.0,754.8326035911603,81.18,6.0
7927.5,1462.0,7700.0,4.374,2017.0,754.8326035911603,98.8,6.0
6825.0,750.0,18300.0,3.0,2015.0,754.0,113.6,6.0
2782.5,883.0,77523.0,4.38,2005.0,754.8326035911603,98.8,6.0
8085.0,1687.861,35900.0,2.835,2018.0,754.8326035911603,100.0,4.7
19950.0,1202.806,24000.0,3.811,2013.0,754.8326035911603,100.0,5.0
14175.0,1450.0,15000.0,4.374,2001.0,754.8326035911603,114.0,6.0
5250.0,900.0,45000.0,4.5,2020.0,754.8326035911603,121.0,5.0
6289.5,600.0,14990.0,2.835,2021.0,754.8326035911603,104.7,3.3
13125.0,850.0,3331.0,4.374,2006.0,754.0,91.0,5.5
4515.0,1050.0,51000.0,4.374,2018.0,754.8326035911603,92.6,5.0
525.0,125.0,12500.0,4.38,2013.0,754.8326035911603,104.7,3.6
3045.0,300.0,16000.0,3.811,2000.0,754.8326035911603,92.0,4.7
22050.0,900.0,25000.0,4.375,2015.0,754.8326035911603,93.7,6.0
7297.5,599.0,13400.0,4.375,2005.0,754.8326035911603,92.6,5.0
2887.5,1689.5,700.0,4.5,2012.0,754.8326035911603,108.0,4.914
11445.0,937.0,7500.0,4.375,2006.0,754.8326035911603,53.8,3.3
13230.0,1170.0,49700.0,4.374,2021.0,754.8326035911603,114.0,6.0
13125.0,1170.0,3500.0,3.775,2009.0,754.8326035911603,96.3,5.0
18375.0,1170.0,30703.0,4.38,2005.0,754.8326035911603,110.0,6.0
1627.5,652.0,66400.0,3.811,2021.0,754.8326035911603,72.324,5.0
7339.5,800.0,42570.0,4.38,2005.0,754.8326035911603,98.8,6.0
16789.5,1170.0,51903.0,4.374,2019.0,754.8326035911603,77.49,3.64
18469.5,1753.409,2754.0,4.5,2018.0,754.8326035911603,72.324,5.0
8074.5,1050.0,18247.0,3.962,2017.0,754.8326035911603,104.7,5.5
13125.0,1170.0,3500.0,3.776,2018.0,754.8326035911603,105.5,6.0
13230.0,1170.0,49700.0,4.374,2007.0,754.8326035911603,102.0,4.914
9345.0,937.0,7500.0,3.8,2021.0,754.8326035911603,100.0,6.0
7339.5,800.0,42570.0,4.375,2000.0,754.8326035911603,111.0,5.0
1627.5,652.0,66400.0,4.374,2003.0,754.8326035911603,110.0,4.5
16789.5,1170.0,51903.0,4.375,2019.0,754.8326035911603,92.0,6.0
18375.0,1170.0,30703.0,4.5,2008.0,754.8326035911603,81.18,2.1
12075.0,999.0,4000.0,4.375,2019.0,754.8326035911603,85.0,6.0
4095.0,877.0,70000.0,4.375,2003.0,754.8326035911603,115.1,6.0
6195.0,399.0,18000.0,4.38,2018.0,754.8326035911603,92.6,6.0
4095.0,650.0,12000.0,3.775,2016.0,754.8326035911603,100.0,6.0
2520.0,270.0,20000.0,4.5,2012.0,754.8326035911603,124.0,6.0
2415.0,385.0,41000.0,4.38,2015.0,754.8326035911603,102.0,6.0
3465.0,124.0,19000.0,3.811,2016.0,754.8326035911603,53.8,5.0
11340.0,1170.0,54000.0,4.38,2021.0,754.8326035911603,115.1,5.0
10395.0,999.0,29000.0,4.374,2019.0,754.8326035911603,92.6,6.0
4095.0,877.0,33000.0,4.38,2020.0,754.8326035911603,99.0,5.0
6090.0,1150.0,41000.0,4.374,2015.0,754.8326035911603,100.0,3.3
12075.0,999.0,47000.0,4.374,2007.0,754.8326035911603,109.0,5.0
5773.95,499.0,49000.0,4.5,2015.0,754.8326035911603,92.6,6.0
2415.0,395.0,33000.0,4.38,2017.0,754.8326035911603,104.7,4.836
2625.0,499.0,20000.0,4.375,2012.0,754.8326035911603,92.6,5.0
2415.0,499.0,40000.0,3.0,2016.0,754.8326035911603,100.0,6.0
3045.0,647.0,43000.0,4.38,2005.0,754.8326035911603,105.0,6.0
5145.0,745.0,29000.0,4.374,2005.0,754.8326035911603,111.0,4.5
7980.0,1170.0,72000.0,4.38,2006.0,754.8326035911603,109.0,6.0
11445.0,937.0,7500.0,4.5,2015.0,754.8326035911603,79.0,6.0
13230.0,1170.0,49700.0,2.808,2021.0,754.8326035911603,59.0,2.1
13125.0,1170.0,3500.0,4.38,2003.0,754.8326035911603,100.0,3.3
5145.0,753.802,2000.0,3.0,2016.0,754.8326035911603,104.7,4.7
8389.5,900.0,8690.0,3.811,2008.0,754.8326035911603,85.0,6.0
24139.5,2458.0,9579.0,4.38,2020.0,754.8326035911603,118.0,4.42
7873.95,1000.0,31610.0,4.38,2021.0,754.8326035911603,81.18,6.0
5563.95,500.0,17240.0,3.0,1995.0,754.8326035911603,104.7,5.0
4462.5,1600.0,65000.0,4.38,2016.0,754.8326035911603,100.3,3.3
5239.5,650.0,37370.0,4.374,2017.0,754.8326035911603,105.5,4.42
6184.5,500.0,11518.0,4.5,2019.0,754.8326035911603,105.5,6.0
4620.0,125.0,7200.0,4.374,2020.0,754.8326035911603,81.18,6.0
5973.45,660.0,32556.0,4.38,2021.0,754.8326035911603,104.7,6.0
11854.5,660.0,462.0,4.38,2016.0,754.8326035911603,104.7,6.0
12064.5,660.0,140.0,4.374,2017.0,754.8326035911603,124.0,3.5
4410.0,400.0,4600.0,4.374,2005.0,754.8326035911603,81.18,4.5
12064.5,1200.0,5127.0,4.5,2008.0,754.8326035911603,44.5,6.0
2824.5,125.0,7387.0,3.811,2010.0,754.8326035911603,97.4,6.0
1942.5,1573.152,91820.0,4.374,2020.0,754.8326035911603,115.1,6.0
4672.5,652.0,73466.0,3.811,2006.0,754.8326035911603,47.0,5.0
4093.95,650.0,1740.0,4.38,2020.0,754.8326035911603,119.0,1.64
16689.75,1735.0,2245.0,4.375,2015.0,754.8326035911603,78.228,3.3
10290.0,1301.0,14120.0,4.38,2019.0,754.8326035911603,118.0,4.7
18364.5,1215.0,7200.0,4.374,2005.0,754.8326035911603,118.0,3.7
29389.5,1868.0,22000.0,4.38,2013.0,754.8326035911603,95.2,4.5
8074.5,650.0,350.0,4.374,2015.0,754.8326035911603,51.66,3.5
5775.0,400.0,3330.0,4.374,2004.0,754.8326035911603,78.228,5.0
3559.5,50.0,0.0,4.38,2019.0,754.8326035911603,111.0,6.0
3360.0,600.0,49018.0,4.38,2021.0,754.8326035911603,78.228,5.0
8400.0,900.0,13758.0,3.962,2019.0,754.8326035911603,93.6,6.0
11548.95,900.0,3101.0,3.81,2019.0,754.8326035911603,104.7,6.0
9439.5,850.0,28500.0,4.374,2014.0,754.8326035911603,92.0,4.7
15748.95,1131.0,505.0,4.38,2017.0,754.8326035911603,100.0,5.0
5659.5,125.0,2247.0,4.374,2013.0,754.8326035911603,95.2,4.81
7035.0,649.0,8400.0,4.374,2017.0,754.8326035911603,96.9,3.3
7035.0,649.0,8400.0,4.38,2015.0,754.8326035911603,102.0,6.0
6247.5,645.0,60239.0,4.374,2016.0,754.8326035911603,111.4,5.0
8389.5,850.0,17810.0,3.959,2003.0,754.8326035911603,119.0,4.7
5143.95,125.0,8650.0,4.38,2002.0,754.8326035911603,118.0,6.0
13228.95,560.0,4050.0,4.38,2014.0,754.8326035911603,92.0,4.914
8188.95,900.0,8606.0,4.212,2014.0,754.8326035911603,87.9,4.7
9763.95,900.0,1880.0,4.375,2006.0,754.8326035911603,114.0,4.5
6088.95,124.0,0.0,4.375,2016.0,754.8326035911603,122.0,6.0
6279.0,278.0,2450.0,4.374,2021.0,754.8326035911603,122.0,6.0
4599.0,50.0,0.0,3.775,2018.0,754.8326035911603,110.0,4.68
2781.45,50.0,0.0,2.835,2016.0,754.8326035911603,100.0,4.7
7264.95,278.0,0.0,3.811,2014.0,754.8326035911603,98.8,4.7
4303.95,125.0,0.0,4.374,2009.0,754.8326035911603,78.228,3.5
7663.95,278.0,0.0,4.38,2014.0,754.8326035911603,110.0,6.0
4093.95,50.0,0.0,4.5,2017.0,754.8326035911603,81.18,6.0
6403.95,125.0,0.0,4.38,2006.0,754.8326035911603,100.0,6.0
4084.5,50.0,0.0,3.959,2018.0,754.8326035911603,78.228,5.0
5458.95,124.0,0.0,4.5,2018.0,754.8326035911603,70.8,6.0
6804.0,124.0,0.0,4.5,2012.0,754.8326035911603,118.0,6.0
5554.5,124.0,0.0,4.374,2013.0,754.8326035911603,100.0,5.0
5659.5,124.0,0.0,3.8,2016.0,754.8326035911603,96.9,5.0
5239.5,125.0,0.0,4.375,2007.0,754.8326035911603,104.7,6.0
5164.95,125.0,0.0,4.38,2013.0,754.8326035911603,92.6,3.5
22575.0,1103.0,9287.0,4.212,2016.0,754.8326035911603,38.0,6.0
7864.5,1190.0,53566.0,4.374,2020.0,754.8326035911603,85.062,3.5
5239.5,750.0,34743.0,4.38,2014.0,754.8326035911603,122.0,4.7
16789.5,1200.0,8837.0,3.812,2018.0,754.8326035911603,71.586,4.914
7138.95,250.0,226.0,4.374,2015.0,754.8326035911603,104.7,6.0
4093.95,600.0,39516.0,4.374,2007.0,754.8326035911603,111.0,5.0
4723.95,320.0,4706.0,4.38,2001.0,754.8326035911603,92.6,5.0
6709.5,650.0,32500.0,3.811,2015.0,754.8326035911603,105.5,5.0
1984.5,600.0,40485.0,4.5,2021.0,754.8326035911603,114.0,5.0
7875.0,800.0,13845.0,4.5,2010.0,754.8326035911603,98.8,6.0
9303.0,750.0,1100.0,4.374,2008.0,754.8326035911603,79.0,4.914
4410.0,350.0,9924.0,3.0,2017.0,754.8326035911603,92.6,3.3
3349.5,125.0,17404.0,3.962,2017.0,754.8326035911603,78.228,6.0
8925.0,900.0,6572.0,4.374,2012.0,754.8326035911603,44.5,6.0
5512.5,400.0,6418.0,4.38,2021.0,754.8326035911603,105.5,3.5
12589.5,850.0,1732.0,4.375,2020.0,754.8326035911603,73.0,7.8
9439.5,1000.0,11324.0,4.38,2019.0,754.8326035911603,87.0,3.64
5764.5,250.0,135.0,4.38,2016.0,754.8326035911603,100.0,5.0
6919.5,250.0,36.0,4.374,2003.0,754.8326035911603,104.7,5.0
4935.0,600.0,21394.0,4.375,2005.0,754.8326035911603,110.6,5.0
4198.95,600.0,29050.0,4.38,2009.0,754.8326035911603,77.49,4.8
11539.5,1190.0,9800.0,3.0,2019.0,754.8326035911603,119.0,4.8
6928.95,500.0,3200.0,4.38,2008.0,754.8326035911603,97.4,5.0
2614.5,124.0,18903.0,4.5,2013.0,754.8326035911603,73.0,3.5
4723.95,125.0,13303.0,4.374,2020.0,754.8326035911603,119.0,5.0
13639.5,1450.0,30338.0,3.8,2015.0,754.8326035911603,92.0,3.17
14175.0,1584.0,29800.0,4.38,2014.0,754.8326035911603,92.6,6.0
8394.75,1500.0,22000.0,4.0,2005.0,754.8326035911603,110.0,5.0
13639.5,1200.0,8000.0,4.5,2007.0,754.8326035911603,114.0,6.0
1995.0,600.0,35431.0,4.38,2000.0,754.8326035911603,104.7,3.5
22575.0,1100.0,2162.0,4.38,2015.0,754.8326035911603,95.2,6.0
11655.0,937.0,2878.0,3.962,2018.0,754.8326035911603,92.0,1.0
4714.5,125.0,1980.0,4.375,2000.0,754.8326035911603,92.6,6.0
5239.5,1300.0,45250.0,3.959,2019.0,754.8326035911603,89.0,6.0
9660.0,350.0,282.0,4.5,2017.0,754.8326035911603,85.0,6.0
8295.0,350.0,25.0,4.374,2018.0,754.8326035911603,53.8,4.914
6088.95,125.0,6.0,4.5,2008.0,754.8326035911603,109.0,5.0
3883.95,125.0,1.0,4.38,2011.0,754.8326035911603,97.4,5.0
3087.0,125.0,1.0,4.374,2016.0,754.8326035911603,92.6,5.0
2877.0,109.0,1.0,4.38,2013.0,754.8326035911603,53.8,6.0
14164.5,1300.0,20176.0,3.962,2005.0,754.8326035911603,86.0,6.0
3874.5,600.0,22830.0,4.375,2010.0,754.8326035911603,100.3,4.7
7654.5,750.0,6303.0,4.38,2003.0,754.8326035911603,81.18,4.914
14584.5,1300.0,24255.0,4.375,2019.0,754.8326035911603,92.6,5.0
13324.5,959.0,18001.0,4.374,2015.0,754.8326035911603,111.4,5.0
9859.5,1000.0,13285.0,3.962,2007.0,754.8326035911603,53.8,6.0
6708.45,493.0,36329.0,4.5,1998.0,754.8326035911603,122.0,5.0
31488.45,1103.0,0.0,2.847,1995.0,754.8326035911603,111.0,5.0
5238.45,675.0,28258.0,4.374,2020.0,754.8326035911603,104.7,3.5
13323.45,1301.0,13768.0,3.962,2011.0,754.8326035911603,118.0,5.0
7327.95,493.0,9437.0,4.38,2022.0,754.8326035911603,81.18,4.81
4503.45,998.0,24911.0,4.375,2006.0,754.8326035911603,111.4,6.0
472.5,124.0,23671.0,3.0,2017.0,754.8326035911603,105.5,4.6
3873.45,599.0,32101.0,4.38,2019.0,754.8326035911603,115.0,6.0
4188.45,125.0,2443.0,3.962,2012.0,754.8326035911603,98.8,5.3
12588.45,1198.0,17784.0,4.38,2006.0,754.8326035911603,105.5,6.0
26238.45,1801.0,11906.0,4.374,2009.0,754.8326035911603,53.8,6.0
4713.45,279.0,3493.0,4.38,2005.0,754.8326035911603,98.8,10.0
12063.45,1237.0,22618.0,2.835,2008.0,754.8326035911603,100.0,6.0
13638.45,1170.0,15415.0,4.38,2019.0,754.8326035911603,96.9,5.0
18363.45,1170.0,20996.0,4.38,2013.0,754.8326035911603,92.6,6.0
24711.75,1158.0,0.0,4.5,2011.0,754.8326035911603,81.18,6.0
15213.45,1198.0,5806.0,4.375,2018.0,754.8326035911603,92.663,6.0
31488.45,1103.0,0.0,4.5,2016.0,754.8326035911603,111.4,4.836
7863.45,647.0,11535.0,4.375,2011.0,754.8326035911603,115.0,5.0
15739.5,1043.0,10900.0,4.5,2008.0,754.8326035911603,92.0,5.0
8389.5,689.0,5200.0,4.38,2008.0,754.8326035911603,106.2,6.0
7339.5,649.0,5400.0,4.374,2015.0,754.8326035911603,119.0,3.6
20989.5,800.0,1.0,3.962,2007.0,754.8326035911603,111.4,5.0
12484.5,999.0,25460.0,4.374,2018.0,754.8326035911603,92.6,5.0
7654.5,695.0,11100.0,4.38,2015.0,754.8326035911603,92.6,6.0
8599.5,750.0,4300.0,4.374,2008.0,754.8326035911603,86.0,5.0
6289.5,1000.0,63000.0,4.374,2016.0,754.8326035911603,64.944,5.0
5239.5,125.0,1600.0,3.959,2006.0,754.8326035911603,93.6,3.64
9439.5,900.0,5699.0,4.38,2021.0,754.8326035911603,73.0,5.0
16789.5,1200.0,18322.0,4.38,2021.0,754.8326035911603,119.0,6.0
9975.0,1000.0,34736.0,4.374,2017.0,754.8326035911603,104.7,6.0
6928.95,650.0,352.0,4.374,2011.0,754.8326035911603,111.4,4.5
7138.95,650.0,252.0,4.38,2022.0,754.8326035911603,53.8,4.914
3454.5,125.0,3305.0,3.0,2013.0,754.8326035911603,105.5,6.0
7245.0,650.0,13717.0,3.775,2013.0,754.8326035911603,110.0,4.836
13639.5,1133.0,2968.0,4.0,2015.0,754.8326035911603,114.0,5.0
4714.5,650.0,21090.0,3.0,2007.0,754.8326035911603,113.6,5.798
4935.0,650.0,11825.0,4.0,2013.0,754.8326035911603,97.4,4.914
10489.5,1200.0,28280.0,4.068,2019.0,754.8326035911603,86.0,5.0
3664.5,125.0,3580.0,4.374,2016.0,754.8326035911603,104.7,6.0
2992.5,850.0,57092.0,4.38,2007.0,754.8326035911603,89.0,6.0
8389.5,1300.0,46575.0,4.374,2018.0,754.8326035911603,105.0,6.0
3412.5,750.0,45990.0,3.812,2016.0,754.8326035911603,100.0,2.1
15645.0,1300.0,18447.0,4.374,2020.0,754.8326035911603,97.4,6.0
9754.5,1200.0,24430.0,4.38,2020.0,754.8326035911603,100.0,4.03
5764.5,600.0,4940.0,2.812,2016.0,754.8326035911603,70.8,3.3
1890.0,1450.0,37000.0,3.959,2010.0,754.8326035911603,76.0,6.0
6195.0,1150.0,91820.0,4.38,2021.0,754.8326035911603,92.0,6.0
2205.0,1868.0,31000.0,2.808,2015.0,754.8326035911603,100.3,4.836
2098.95,50.0,4600.0,4.341,2011.0,754.8326035911603,102.0,5.0
1260.0,250.0,64000.0,3.811,2018.0,754.8326035911603,95.2,6.0
7864.5,1300.0,10375.0,4.449,1984.0,754.8326035911603,118.0,5.0
6594.0,750.0,56694.0,4.374,2006.0,754.8326035911603,100.0,4.914
35853.0,996.0,8200.0,4.374,2006.0,754.8326035911603,118.0,5.8
3360.0,695.0,22200.0,3.811,2014.0,754.8326035911603,110.0,6.0
20895.0,1000.0,6200.0,4.374,2013.0,754.8326035911603,111.0,5.0
2100.0,1689.5,30000.0,3.962,2013.0,754.8326035911603,114.0,3.5
1365.0,50.0,33000.0,4.5,2018.0,754.8326035911603,100.0,6.0
1365.0,1130.0,5800.0,2.835,2008.0,754.8326035911603,83.4,4.4
6300.0,1746.0,20300.0,4.374,2018.0,754.8326035911603,93.67,4.88
1155.0,689.0,21000.0,3.775,2015.0,754.8326035911603,119.0,6.0
11025.0,1923.0,4250.0,4.5,2009.0,754.8326035911603,102.0,4.7
8400.0,1130.0,30000.0,3.962,2015.0,754.0,70.8,6.0
2625.0,50.0,23300.0,4.212,2018.0,754.8326035911603,51.0,4.914
6090.0,749.0,15800.0,4.339,2007.0,754.8326035911603,47.2,6.0
5985.0,1250.0,45500.0,4.38,2015.0,754.8326035911603,107.7,5.122
17587.5,3947.0,31000.0,4.374,2018.0,754.8326035911603,70.8,5.0
2992.5,1450.0,10000.0,4.374,2012.0,754.8326035911603,92.6,6.0
1155.0,250.0,54800.0,4.38,2015.0,754.8326035911603,118.0,6.0
8398.95,800.0,20357.466614906833,4.5,2009.0,754.8326035911603,70.8,5.0
11229.75,1000.0,2550.0,4.5,2009.0,754.8326035911603,105.5,3.6
3358.95,125.0,20357.466614906833,4.5,2014.0,754.8326035911603,105.5,4.7
2623.95,125.0,20357.466614906833,4.38,2019.0,754.8326035911603,99.5,6.0
6300.0,1500.0,91820.0,4.38,2018.0,756.0,122.0,6.0
14574.0,1200.0,4892.0,4.374,2018.0,754.0,73.0,6.0
3675.0,749.0,45420.0,4.374,2018.0,754.0,104.7,6.0
4935.0,250.0,11500.0,3.811,2016.0,754.8326035911603,97.4,5.0
7875.0,530.0,15500.0,3.962,2016.0,754.8326035911603,92.6,4.7
18375.0,1084.0,2900.0,4.374,2015.0,754.8326035911603,78.228,4.7
6090.0,1171.0,10600.0,4.38,2012.0,754.8326035911603,95.2,6.0
26250.0,1064.0,23500.0,4.5,2012.0,754.8326035911603,110.0,5.0
35853.0,916.0,14300.0,2.835,2003.0,754.8326035911603,115.1,4.7
6300.0,1157.0,48000.0,4.374,2006.0,754.8326035911603,92.6,5.0
18900.0,422.0,17600.0,4.38,2018.0,754.8326035911603,81.18,6.0
4200.0,748.0,35589.0,4.38,2009.0,754.8326035911603,104.7,4.5
7350.0,340.0,18736.0,4.374,2012.0,754.8326035911603,72.324,5.0
630.0,498.0,67633.0,3.962,2020.0,754.0,118.0,5.0
7560.0,1687.861,33000.0,4.38,2006.0,754.8326035911603,73.0,6.0
7560.0,750.0,35000.0,3.959,2001.0,754.8326035911603,119.0,4.7
5040.0,244.0,13683.0,3.962,2013.0,754.0,99.0,3.64
838.95,125.0,38400.0,4.374,2020.0,754.0,118.0,4.7
11025.0,436.0,26000.0,4.38,2020.0,754.8326035911603,111.0,4.914
5040.0,999.0,37000.0,3.811,2021.0,754.0,122.0,4.81
2625.0,1130.0,26000.0,4.374,2018.0,754.8326035911603,111.0,4.7
1522.5,1868.0,38000.0,4.38,2009.0,754.8326035911603,110.0,6.0
9975.0,798.0,35000.0,4.38,2022.0,754.8326035911603,125.0,7.0
2614.5,535.0,32248.0,4.374,2021.0,754.0,70.8,5.0
1575.0,599.0,62000.0,4.374,2018.0,754.8326035911603,102.0,6.0
5145.0,278.0,980.0,3.962,2015.0,754.8326035911603,113.6,6.0
14175.0,1133.0,2500.0,3.0,2005.0,754.8326035911603,119.0,3.5
9660.0,890.0,5500.0,3.12,2013.0,754.8326035911603,102.0,6.0
8704.5,125.0,250.0,3.8,2014.0,754.8326035911603,73.0,3.64
7654.5,125.0,10.0,4.374,2014.0,754.8326035911603,115.0,5.0
11812.5,1687.861,67000.0,4.38,2009.0,754.8326035911603,125.0,6.0
7654.5,125.0,10.0,3.81,2019.0,754.8326035911603,115.1,3.5
7654.5,125.0,10.0,3.775,2008.0,754.8326035911603,53.8,6.0
7654.5,125.0,10.0,4.375,2019.0,754.8326035911603,118.0,6.0
7654.5,125.0,10.0,4.375,2010.0,754.8326035911603,92.6,6.0
7654.5,125.0,10.0,4.374,2018.0,754.8326035911603,92.6,4.914
7654.5,125.0,10.0,4.374,2009.0,754.8326035911603,104.7,6.0
7654.5,125.0,10.0,3.962,2016.0,754.8326035911603,95.5,6.0
7654.5,125.0,10.0,3.959,2013.0,754.8326035911603,104.7,2.1
7654.5,125.0,10.0,4.339,2019.0,754.8326035911603,111.4,6.0
7654.5,125.0,10.0,3.8,2008.0,754.8326035911603,104.7,4.7
7654.5,125.0,10.0,4.375,2019.0,754.8326035911603,102.0,5.0
6499.5,125.0,200.0,3.811,2014.0,754.8326035911603,92.6,4.9
7129.5,125.0,10.0,3.0,2018.0,754.8326035911603,98.8,6.0
7129.5,125.0,10.0,4.38,2006.0,754.8326035911603,108.0,3.5
7129.5,125.0,10.0,4.374,2013.0,754.8326035911603,119.2,3.3
7654.5,125.0,10.0,3.959,2008.0,754.8326035911603,92.6,6.0
2887.5,1689.5,24309.0,3.0,2017.0,754.8326035911603,111.4,5.0
3465.0,1103.0,5000.0,3.962,2002.0,754.8326035911603,122.0,4.7
11130.0,765.0,9400.0,4.38,2011.0,754.0,78.228,5.0
4095.0,125.0,10880.0,4.375,2019.0,754.0,111.0,6.0
4618.95,650.0,10200.0,3.811,2019.0,754.8326035911603,89.0,4.42
6289.5,1520.0,52672.0,4.374,2013.0,756.0,98.8,5.0
3150.0,649.0,300.0,4.5,2006.0,754.8326035911603,101.0,6.0
20464.5,999.0,12047.0,4.374,2011.0,754.8326035911603,115.1,2.1
22872.15,1254.0,179.0,4.374,2011.0,754.8326035911603,108.0,6.0
14437.5,895.0,2405.0,4.212,2014.0,754.8326035911603,92.6,6.0
14332.5,1254.0,15854.0,4.5,2015.0,754.8326035911603,119.0,3.5
12153.75,853.0,1500.0,4.374,2005.0,754.8326035911603,107.0,6.0
12862.5,853.0,2000.0,4.38,2018.0,754.8326035911603,53.8,4.16
5145.0,848.0,37200.0,4.38,2021.0,754.0,73.062,3.3
7350.0,750.0,7900.0,4.374,2012.0,754.8326035911603,123.0,2.1
5145.0,848.0,37200.0,3.8,2000.0,754.0,70.8,6.0
7350.0,750.0,7900.0,4.374,2015.0,754.8326035911603,113.6,5.0
11497.5,0.0,600.0,4.38,2003.0,754.8326035911603,111.0,6.0
13597.5,1170.0,15000.0,4.38,2012.0,754.8326035911603,79.0,3.3
4462.5,313.0,12000.0,4.38,2022.0,754.8326035911603,102.0,6.0
3360.0,1250.0,88500.0,3.962,2019.0,754.8326035911603,92.6,3.3
24097.5,1650.0,5250.0,4.38,2016.0,754.8326035911603,95.2,5.0
5773.95,636.0,35000.0,3.959,1985.0,754.8326035911603,122.0,5.0
6300.0,125.0,51900.0,3.1,2006.0,754.8326035911603,111.0,5.0
2824.5,125.0,1398.0,4.38,2002.0,754.0,105.5,5.1
7875.0,1340.0,2409.0,4.38,2012.0,756.0,110.0,5.0
4410.0,1687.861,48000.0,4.38,2001.0,754.8326035911603,100.3,6.0
4725.0,500.0,15700.0,4.374,2018.0,754.0,123.0,5.0
11550.0,1689.5,13000.0,4.056,2005.0,754.8326035911603,44.5,4.8
1785.0,1449.0,12500.0,4.449,2015.0,754.0,72.2,6.0
1575.0,1442.056,1500.0,4.38,2007.0,754.8326035911603,78.228,5.0
5250.0,400.0,9200.0,4.38,2016.0,754.8326035911603,95.2,3.3
630.0,150.0,8000.0,3.962,2015.0,754.8326035911603,125.0,6.0
4620.0,998.0,10900.0,4.0,2004.0,754.0,92.6,5.8
4725.0,500.0,73500.0,3.962,2004.0,754.8326035911603,98.8,5.0
