address,area,price,floor,room,buildingLine
20,46.0,12.0,4.0,4.0,8.0
14,36.0,2.6,4.0,5.0,4.0
20,79.0,9.5,3.0,3.0,15.0
16,350.0,58.0,1.0,2.0,40.0
11,49.0,15.3,4.0,4.0,12.0
14,60.0,2.75,2.0,2.0,1.0
19,211.0,175.0,4.0,7.0,20.0
9,47.0,25.8,4.0,5.0,30.0
9,65.0,17.0,6.0,5.0,10.0
13,57.0,23.3,4.0,7.0,15.0
20,68.0,16.8,6.0,6.0,24.0
20,45.0,15.0,3.0,6.0,7.0
9,65.0,24.0,5.0,5.0,25.0
12,65.0,68.0,4.0,5.0,40.0
12,33.0,2.9,3.0,4.0,2.0
20,47.0,14.0,4.0,5.0,8.0
14,38.0,2.85,3.0,5.0,6.0
20,65.0,10.5,6.0,5.0,5.0
13,140.0,150.0,30.0,8.0,20.0
18,38.0,5.2,3.0,5.0,4.0
16,50.0,8.2,4.0,5.0,15.0
11,30.0,3.3,3.0,4.0,2.5
20,131.0,20.0,8.0,4.0,10.0
20,36.0,4.7,3.0,5.0,2.5
20,50.0,15.0,4.0,6.0,5.0
14,49.0,4.95,1.0,1.0,3.0
20,61.0,18.7,6.0,6.0,10.0
18,72.0,10.8,4.0,4.0,4.0
9,50.0,15.5,4.0,5.0,5.0
16,55.0,5.3,4.0,4.0,3.0
14,45.0,5.69,1.0,1.0,4.0
18,62.0,7.2,5.0,4.0,3.0
20,90.0,13.5,4.0,4.0,10.0
20,45.0,6.5,9.0,5.0,3.0
20,41.0,5.2,4.0,4.0,2.5
16,39.0,3.38,3.0,5.0,3.0
20,45.0,5.3,4.0,5.0,2.5
20,65.0,18.7,8.0,6.0,5.0
14,26.0,1.8,3.0,4.0,1.0
12,53.0,3.0,5.0,5.0,3.5
16,62.0,7.5,6.0,5.0,20.0
16,135.0,25.6,4.0,4.0,15.0
16,201.0,18.0,4.0,4.0,15.0
16,234.0,40.0,6.0,4.0,25.0
16,184.0,39.0,4.0,4.0,25.0
2,100.0,6.5,5.0,5.0,12.0
2,100.0,6.7,5.0,5.0,12.0
2,100.0,11.5,5.0,5.0,33.0
2,100.0,6.5,5.0,5.0,12.0
2,100.0,6.7,5.0,5.0,17.0
2,100.0,6.3,5.0,5.0,12.0
2,90.0,10.35,5.0,5.0,33.0
2,90.0,5.85,5.0,5.0,12.0
2,90.0,5.4,5.0,5.0,12.0
18,120.0,9.8,4.0,4.0,3.0
19,126.0,54.0,4.0,5.0,7.0
16,140.0,26.0,6.0,4.0,20.0
16,213.0,34.0,5.0,4.0,20.0
14,350.0,55.0,6.0,4.0,25.0
14,350.0,60.0,6.0,4.0,35.0
14,38.0,2.85,3.0,5.0,6.0
20,65.0,10.5,6.0,5.0,5.0
13,140.0,150.0,30.0,8.0,20.0
18,38.0,5.2,3.0,5.0,4.0
14,33.0,3.4,3.0,5.0,3.0
14,98.0,7.5,4.0,3.0,6.0
12,49.0,15.0,5.0,5.0,8.0
16,86.0,26.2,6.0,3.0,40.0
12,69.0,20.6,8.0,7.0,15.0
16,79.0,13.5,1.0,1.0,15.0
16,55.0,13.3,4.0,5.0,25.0
16,85.0,17.0,4.0,4.0,25.0
14,86.0,17.2,4.0,4.0,15.0
16,47.0,4.65,4.0,4.0,7.0
20,55.0,10.0,4.0,5.0,8.0
12,32.0,4.8,3.0,4.0,5.0
20,84.0,6.3,1.0,1.0,3.0
4,100.0,6.0,6.0,5.0,6.0
19,36.0,8.2,3.0,5.0,15.0
12,60.0,10.9,4.0,4.0,6.0
20,84.0,6.3,1.0,1.0,1.0
4,100.0,6.0,6.0,5.0,6.0
19,36.0,8.2,3.0,5.0,3.0
12,60.0,10.9,4.0,4.0,6.0
20,60.0,8.0,4.0,5.0,4.5
20,100.0,28.0,8.0,6.0,15.0
16,70.0,5.22,4.0,3.0,4.0
19,80.0,22.5,6.0,6.0,5.0
19,143.0,50.0,13.0,7.0,4.0
9,40.0,7.8,3.0,3.0,8.0
19,397.0,120.0,14.0,7.0,20.0
16,68.0,21.0,4.0,1.0,20.0
19,83.0,45.0,8.0,6.0,5.0
16,82.0,8.7,5.0,5.0,10.0
16,50.0,12.0,4.0,8.0,6.0
19,56.0,12.0,4.0,4.0,10.0
16,62.0,7.0,6.0,4.0,3.0
16,52.0,7.3,4.0,3.0,9.0
16,50.0,7.22,30.0,5.0,3.0
16,33.0,3.78,4.0,4.0,3.0
16,52.0,7.3,4.0,4.0,50.0
16,50.0,7.22,3.0,5.0,12.0
16,33.0,3.78,5.0,5.0,15.0
16,90.0,13.0,4.0,4.0,5.0
16,45.0,5.0,10.0,4.0,2.5
16,53.0,9.0,4.0,4.0,11.0
16,60.0,6.11,2.0,1.0,3.0
20,50.0,18.5,4.0,4.0,8.0
16,70.0,5.67,6.0,5.0,20.0
16,60.0,5.0,3.0,4.0,10.0
20,60.0,6.7,4.0,5.0,4.0
16,55.0,3.78,6.0,5.0,6.0
16,106.0,10.0,5.0,5.0,39.0
16,55.0,7.0,5.0,6.0,3.0
16,38.0,4.89,3.0,1.0,4.0
19,59.0,24.0,4.0,4.0,6.0
18,99.0,6.4,1.0,1.0,40.0
16,96.0,5.55,5.0,5.0,20.0
19,111.0,90.0,13.0,7.0,15.0
9,66.0,16.5,5.0,4.0,5.0
16,60.0,5.0,5.0,4.0,10.0
20,60.0,6.7,4.0,5.0,4.0
16,55.0,3.78,3.0,5.0,10.0
16,106.0,10.0,2.0,4.0,3.0
16,55.0,7.0,5.0,6.0,20.0
16,38.0,4.89,6.0,7.0,3.0
19,59.0,24.0,4.0,4.0,6.0
18,99.0,6.4,1.0,1.0,40.0
16,96.0,5.55,4.0,4.0,15.0
19,111.0,90.0,13.0,7.0,15.0
9,66.0,16.5,5.0,4.0,5.0
19,108.0,28.5,5.0,5.0,10.0
9,76.0,18.0,5.0,5.0,6.0
19,266.0,68.0,3.0,3.0,15.0
19,101.0,45.0,12.0,10.0,8.0
19,106.0,30.0,9.0,7.0,5.0
19,50.0,13.4,5.0,7.0,10.0
18,101.0,0.02,16.0,8.0,10.0
19,136.0,36.0,6.0,5.0,4.0
19,142.0,16.8,4.0,3.0,8.0
19,101.0,45.0,12.0,10.0,8.0
19,106.0,30.0,9.0,7.0,5.0
19,50.0,13.4,5.0,7.0,10.0
18,101.0,0.02,16.0,8.0,10.0
19,136.0,36.0,6.0,5.0,4.0
19,142.0,16.8,4.0,3.0,8.0
11,66.0,23.0,4.0,5.0,15.0
20,120.0,25.0,5.0,2.0,15.0
4,76.0,5.02,4.0,4.0,30.0
18,100.0,0.02,16.0,8.0,10.0
11,190.0,35.5,10.0,6.0,30.0
18,50.0,15.5,6.0,6.0,21.0
18,40.0,4.0,4.0,5.0,15.0
18,40.0,7.9,4.0,5.0,8.0
18,63.0,16.8,4.0,6.0,10.0
15,38.0,9.8,4.0,5.0,8.0
15,35.0,9.2,4.0,5.0,30.0
15,85.0,12.8,4.0,5.0,21.0
15,60.0,12.0,12.0,7.0,10.0
15,60.0,11.0,4.0,4.0,12.0
15,35.0,9.2,3.0,3.0,10.0
20,30.0,2.68,4.0,4.0,10.0
12,100.0,31.8,3.0,1.0,20.0
14,54.0,6.5,3.0,4.0,4.0
18,61.0,9.0,5.0,5.0,15.0
18,97.0,6.4,1.0,1.0,40.0
12,110.0,17.7,4.0,4.0,8.0
15,45.0,2.95,4.0,4.0,6.0
15,35.0,4.2,2.0,1.0,6.0
18,55.0,14.5,9.0,4.0,15.0
18,52.0,6.1,3.0,3.0,4.0
12,106.0,17.4,3.0,3.0,6.0
20,65.0,9.5,8.0,5.0,4.0
15,52.0,3.65,4.0,4.0,10.0
9,44.0,5.5,3.0,5.0,4.0
9,29.0,4.65,3.0,3.0,10.0
12,105.0,17.5,3.0,3.0,6.0
9,51.0,5.3,4.0,4.0,5.0
12,108.0,17.35,3.0,3.0,6.0
9,51.0,5.3,4.0,4.0,5.0
9,29.0,4.65,3.0,3.0,10.0
12,105.0,17.5,3.0,3.0,6.0
9,51.0,5.3,4.0,4.0,5.0
12,108.0,17.35,3.0,3.0,6.0
9,51.0,5.3,4.0,4.0,5.0
12,107.0,17.3,3.0,3.0,6.0
9,36.0,5.3,3.0,5.0,5.0
9,28.0,3.6,3.0,6.0,5.0
19,54.0,5.15,2.0,2.0,5.0
19,105.0,30.0,13.0,8.0,3.0
19,30.0,4.6,3.0,4.0,10.0
19,62.0,7.6,5.0,6.0,8.0
19,200.0,68.0,10.0,7.0,10.0
9,60.0,5.7,3.0,4.0,4.0
16,43.0,4.25,8.0,6.0,3.0
4,35.0,2.7,2.0,2.0,8.0
4,45.0,4.0,4.0,4.0,3.5
4,45.0,7.2,5.0,5.0,10.0
4,32.0,2.35,3.0,4.0,2.0
13,142.0,115.0,6.0,4.0,6.0
4,45.0,4.0,4.0,4.0,3.5
4,45.0,7.2,5.0,5.0,10.0
4,32.0,2.35,3.0,4.0,2.0
13,142.0,115.0,6.0,4.0,6.0
4,38.0,3.15,4.0,5.0,8.0
14,40.0,3.15,4.0,4.0,15.0
20,60.0,15.0,3.0,4.0,15.0
4,36.0,2.95,4.0,5.0,0.0
11,37.0,3.7,5.0,4.0,9.0
9,32.0,7.3,4.0,3.0,8.0
11,49.0,12.7,4.0,4.0,40.0
19,126.0,65.0,5.0,5.0,10.0
10,185.0,41.0,6.0,3.0,8.0
9,69.0,35.0,8.0,5.0,15.0
11,65.0,4.8,5.0,7.0,9.0
9,20.0,17.5,5.0,6.0,9.0
13,72.0,38.0,4.0,4.0,9.0
19,150.0,29.0,20.0,8.0,5.0
20,24.0,2.9,4.0,4.0,7.0
20,80.0,15.5,8.0,7.0,7.0
11,37.0,3.7,4.0,4.0,2.5
9,32.0,7.3,4.0,3.0,8.0
11,49.0,12.7,4.0,5.0,7.0
19,126.0,65.0,5.0,5.0,10.0
10,185.0,41.0,6.0,5.0,8.0
9,69.0,35.0,8.0,5.0,15.0
11,65.0,4.8,6.0,4.0,9.0
9,20.0,17.5,5.0,6.0,9.0
13,72.0,38.0,4.0,4.0,9.0
19,150.0,29.0,20.0,8.0,5.0
20,24.0,2.9,5.0,4.0,13.0
20,80.0,15.5,8.0,7.0,7.0
19,110.0,35.0,10.0,6.0,4.0
9,70.0,9.4,4.0,4.0,20.0
14,40.0,3.6,3.0,3.0,4.5
20,50.0,15.8,6.0,5.0,6.0
18,24.0,3.95,3.0,5.0,7.0
18,25.0,3.95,3.0,5.0,7.0
18,76.0,13.5,2.0,3.0,8.0
18,75.0,13.0,3.0,2.0,7.0
18,25.0,3.95,3.0,5.0,7.0
18,76.0,13.5,2.0,3.0,8.0
18,75.0,13.0,3.0,2.0,7.0
19,150.0,29.5,1.0,1.0,5.0
18,60.0,10.5,4.0,5.0,5.0
15,100.0,23.5,5.0,4.0,10.0
19,177.0,63.0,15.0,7.0,4.0
15,126.0,19.5,4.0,4.0,8.0
18,57.0,6.8,2.0,2.0,15.0
18,70.0,9.85,4.0,3.0,8.0
15,100.0,9.6,4.0,4.0,8.0
20,31.0,8.8,4.0,4.0,15.0
15,60.0,13.5,4.0,5.0,8.0
19,133.0,41.0,13.0,7.0,3.0
20,96.0,11.6,4.0,5.0,4.0
12,46.0,11.2,4.0,5.0,1.0
20,31.0,18.5,3.0,5.0,10.0
18,84.0,68.0,6.0,6.0,50.0
13,58.0,13.0,4.0,3.0,50.0
11,60.0,68.0,4.0,6.0,10.0
13,58.0,13.0,4.0,3.0,50.0
11,60.0,46.5,4.0,6.0,10.0
19,105.0,23.0,27.0,10.0,25.0
11,60.0,25.0,4.0,6.0,8.0
11,100.0,21.0,23.0,10.0,8.0
13,41.0,19.0,4.0,4.0,25.0
12,50.0,18.9,5.0,5.0,20.0
20,66.0,14.0,5.0,9.0,10.0
11,96.0,12.5,4.0,4.0,6.0
20,90.0,35.0,6.0,5.0,10.0
19,107.0,70.0,12.0,7.0,5.0
19,205.0,12.0,10.0,10.0,15.0
20,74.0,10.0,4.0,7.0,5.0
11,55.0,4.0,4.0,4.0,10.0
11,30.0,11.5,4.0,5.0,6.0
18,52.0,8.3,4.0,4.0,10.0
12,45.0,19.0,3.0,3.0,10.0
12,90.0,15.5,4.0,4.0,50.0
11,60.0,16.9,6.0,5.0,8.0
20,40.0,8.3,6.0,5.0,15.0
12,45.0,19.0,3.0,3.0,10.0
12,90.0,15.5,4.0,4.0,50.0
11,60.0,16.9,6.0,5.0,8.0
20,40.0,8.3,6.0,5.0,15.0
20,45.0,25.0,4.0,5.0,3.5
18,81.0,150.0,8.0,6.0,7.0
19,271.0,9.8,20.0,6.0,20.0
20,65.0,7.95,4.0,4.0,10.0
20,45.0,10.0,4.0,4.0,7.0
20,50.0,35.0,4.0,4.0,8.0
13,35.0,15.0,5.0,5.0,20.0
11,65.0,16.0,3.0,5.0,8.0
11,65.0,14.5,2.0,3.0,20.0
18,31.0,4.0,4.0,6.0,15.0
18,95.0,12.8,1.0,1.0,40.0
18,64.0,18.5,6.0,4.0,7.0
12,81.0,12.5,6.0,5.0,30.0
18,50.0,12.6,8.0,7.0,7.0
20,62.0,6.0,5.0,5.0,15.0
20,55.0,6.0,4.0,5.0,6.0
20,55.0,19.5,4.0,5.0,6.0
13,38.0,13.0,3.0,3.0,15.0
11,52.0,6.4,4.0,6.0,10.0
18,99.0,30.3,1.0,1.0,40.0
20,70.0,8.5,4.0,3.0,25.0
18,53.0,7.0,3.0,3.0,10.0
20,70.0,45.0,4.0,5.0,3.0
20,120.0,17.0,12.0,7.0,60.0
18,78.0,15.2,15.0,8.0,5.0
18,50.0,3.6,2.0,4.0,4.0
4,43.0,18.9,2.0,2.0,5.0
18,50.0,15.0,6.0,6.0,30.0
11,50.0,13.2,6.0,7.0,20.0
11,42.0,18.81,6.0,5.0,10.0
12,99.0,32.0,3.0,3.0,50.0
19,132.0,12.8,8.0,8.0,6.0
20,61.0,43.0,6.0,6.0,8.0
19,73.0,56.0,6.0,5.0,8.0
11,81.0,7.2,8.0,8.0,30.0
20,32.0,7.2,4.0,5.0,5.0
20,32.0,28.0,4.0,5.0,5.0
20,100.0,58.0,5.0,6.0,25.0
13,110.0,38.0,6.0,2.0,20.0
12,103.0,12.0,4.0,4.0,25.0
11,80.0,39.0,4.0,4.0,6.0
13,45.0,19.0,4.0,5.0,25.0
20,65.0,10.0,4.0,4.0,20.0
11,60.0,4.8,5.0,5.0,10.0
11,55.0,9.0,4.0,6.0,9.0
18,70.0,15.0,4.0,3.0,10.0
18,100.0,23.5,5.0,5.0,20.0
11,75.0,28.5,4.0,7.0,50.0
11,110.0,15.0,40.0,9.0,3.0
14,90.0,52.0,18.0,8.0,4.0
19,64.0,34.0,6.0,6.0,30.0
11,100.0,26.0,8.0,6.0,24.0
11,62.0,14.0,2.0,2.0,24.0
18,70.0,23.5,4.0,5.0,6.0
11,95.0,13.1,4.0,4.0,15.0
17,60.0,26.0,6.0,5.0,5.0
11,62.0,14.0,2.0,2.0,24.0
18,70.0,23.5,4.0,5.0,6.0
11,95.0,13.1,4.0,4.0,15.0
17,60.0,14.0,6.0,5.0,5.0
18,70.0,15.0,4.0,5.0,6.0
14,90.0,23.0,18.0,8.0,4.0
18,62.0,20.0,8.0,6.0,15.0
11,50.0,11.0,4.0,5.0,24.0
11,30.0,6.0,4.0,6.0,6.0
20,55.0,23.7,4.0,5.0,6.0
19,237.0,29.0,3.0,2.0,6.0
20,71.0,23.0,4.0,5.0,30.0
17,110.0,54.0,21.0,8.0,5.0
17,255.0,26.5,1.0,1.0,30.0
17,111.0,25.0,4.0,5.0,25.0
17,85.0,10.0,4.0,7.0,10.0
20,42.0,9.0,3.0,3.0,15.0
20,50.0,21.0,4.0,4.0,6.0
11,56.0,19.5,4.0,6.0,50.0
11,75.0,24.5,6.0,6.0,8.0
11,70.0,10.5,4.0,7.0,30.0
10,65.0,21.2,4.0,4.0,10.0
11,90.0,28.2,6.0,5.0,10.0
11,120.0,16.0,6.0,5.0,10.0
19,50.0,23.3,4.0,5.0,15.0
11,75.0,16.0,4.0,7.0,8.0
19,77.0,4.0,5.0,4.0,3.0
18,97.0,20.5,1.0,1.0,40.0
9,29.0,8.7,3.0,4.0,15.0
19,43.0,73.0,2.0,2.0,2.0
20,220.0,19.0,6.0,5.0,30.0
9,153.0,5.0,5.0,5.0,8.0
19,40.0,50.0,4.0,3.0,3.0
9,52.0,21.0,10.0,10.0,50.0
19,88.0,27.0,6.0,7.0,3.0
11,100.0,20.0,21.0,10.0,8.0
19,75.0,12.0,12.0,8.0,5.0
11,80.0,16.5,4.0,4.0,6.0
18,63.0,12.0,7.0,6.0,8.0
11,64.0,16.5,4.0,5.0,8.0
18,63.0,12.0,7.0,6.0,8.0
11,64.0,20.0,4.0,5.0,8.0
17,122.0,15.0,4.0,4.0,30.0
11,60.0,4.7,4.0,6.0,6.0
20,54.0,15.0,4.0,4.0,3.0
9,61.0,9.5,2.0,2.0,9.0
18,33.0,12.5,3.0,4.0,30.0
18,48.0,18.1,4.0,4.0,10.0
12,50.0,0.02,4.0,5.0,1.0
20,66.0,19.6,2.0,3.0,20.0
18,100.0,12.0,16.0,8.0,10.0
18,64.0,18.0,5.0,7.0,10.0
14,50.0,10.8,5.0,5.0,1.0
18,72.0,16.2,2.0,2.0,7.0
18,58.0,16.0,3.0,5.0,4.0
18,55.0,41.0,8.0,6.0,7.0
11,65.0,13.5,4.0,5.0,30.0
19,109.0,75.0,1.0,1.0,50.0
19,65.0,75.0,6.0,5.0,15.0
20,107.0,22.7,4.0,6.0,20.0
20,107.0,280.0,4.0,6.0,20.0
19,100.0,0.0,6.0,7.0,1.0
19,1100.0,29.0,1.0,13.0,20.0
19,491.0,88.0,6.0,4.0,15.0
20,59.0,0.0,4.0,5.0,40.0
19,228.0,11.0,4.0,4.0,15.0
9,90.0,13.5,3.0,4.0,15.0
19,75.0,0.0,6.0,7.0,7.0
18,63.0,0.0,2.0,4.0,8.0
17,1815.0,67.9,4.0,24.0,5.0
19,115.0,0.0,3.0,3.0,15.0
19,189.0,45.0,4.0,3.0,20.0
20,219.0,10.9,5.0,4.0,15.0
19,105.0,24.5,14.0,6.0,10.0
18,47.0,0.01,4.0,6.0,7.0
11,60.0,79.0,5.0,6.0,20.0
18,55.0,9.4,4.0,4.0,4.0
18,247.0,25.0,4.0,10.0,5.0
10,33.0,9.4,3.0,5.0,6.0
18,58.0,25.0,2.0,3.0,20.0
10,33.0,75.0,3.0,5.0,20.0
18,58.0,40.0,2.0,3.0,20.0
19,200.0,15.0,9.0,9.0,20.0
11,62.0,20.5,8.0,8.0,15.0
18,72.0,0.0,4.0,3.0,8.0
20,55.0,12.6,16.0,8.0,10.0
19,35.0,23.0,6.0,6.0,6.0
20,33.0,9.05,3.0,6.0,12.0
11,57.0,18.0,6.0,6.0,2.0
18,54.0,10.5,6.0,4.0,7.0
11,57.0,14.5,1.0,1.0,2.0
18,53.0,20.0,5.0,4.0,8.0
11,35.0,59.0,4.0,5.0,2.0
19,72.0,4.75,3.0,5.0,6.0
9,160.0,27.0,2.0,1.0,1.0
12,46.0,9.0,5.0,5.0,4.0
19,71.0,1.95,4.0,6.0,8.0
17,102.0,2.19,2.0,2.0,7.0
15,38.0,2.19,4.0,4.0,4.0
2,32.0,2.1,3.0,4.0,3.0
2,32.0,2.09,3.0,4.0,3.0
15,33.0,2.1,4.0,4.0,3.0
15,36.0,1.89,4.0,4.0,3.0
15,36.0,1.71,4.0,4.0,3.0
15,41.0,2.3,4.0,4.0,3.0
15,33.0,1.96,3.0,3.0,3.0
15,32.0,1.67,3.0,4.0,3.0
15,33.0,1.96,3.0,3.0,3.0
15,35.0,1.7,3.0,3.0,3.0
15,32.0,1.74,3.0,4.0,4.0
2,64.0,1.59,3.0,3.0,4.0
15,33.0,2.03,3.0,4.0,3.0
15,38.0,1.96,3.0,4.0,6.0
15,32.0,1.73,3.0,4.0,3.0
15,41.0,1.63,4.0,4.0,3.0
15,32.0,2.03,3.0,3.0,3.0
15,34.0,2.11,4.0,3.0,3.0
15,33.0,1.94,4.0,4.0,4.0
15,38.0,2.11,4.0,4.0,3.0
15,30.0,1.94,3.0,3.0,4.0
15,38.0,1.56,4.0,4.0,3.0
15,30.0,1.56,3.0,3.0,4.0
2,35.0,2.19,3.0,4.0,3.0
15,35.0,1.59,3.0,4.0,3.0
15,31.0,1.94,3.0,4.0,4.0
15,34.0,1.96,3.0,3.0,3.0
15,40.0,1.95,3.0,3.0,3.0
15,33.0,1.26,3.0,3.0,3.0
15,38.0,1.83,4.0,3.0,4.0
12,101.0,2.04,5.0,5.0,8.0
2,39.0,2.19,3.0,3.0,3.0
15,33.0,1.82,4.0,4.0,4.0
15,31.0,1.9,3.0,4.0,3.0
2,35.0,1.96,4.0,3.0,3.0
15,32.0,2.3,3.0,4.0,3.0
15,49.0,2.06,3.0,4.0,15.0
15,32.0,1.69,3.0,4.0,4.0
2,32.0,1.96,3.0,4.0,4.0
15,33.0,2.06,4.0,3.0,3.0
15,32.0,1.69,3.0,4.0,4.0
2,32.0,1.96,3.0,4.0,4.0
15,33.0,1.63,4.0,3.0,3.0
15,32.0,8.7,3.0,4.0,4.0
15,34.0,3.5,3.0,3.0,3.0
20,32.0,18.5,4.0,4.0,15.0
12,37.0,16.9,8.0,1.0,8.0
20,65.0,6.0,4.0,5.0,5.0
20,45.0,16.5,4.0,5.0,5.0
17,110.0,45.0,12.0,4.0,4.0
18,65.0,11.6,8.0,7.0,15.0
19,113.0,74.0,5.0,5.0,15.0
16,76.0,33.0,4.0,5.0,20.0
19,131.0,10.5,6.0,8.0,15.0
19,73.0,11.6,10.0,9.0,10.0
16,110.0,15.0,1.0,3.0,4.0
16,56.0,11.75,5.0,5.0,3.0
16,196.0,13.9,4.0,3.0,5.0
16,120.0,8.0,19.0,10.0,6.0
16,70.0,10.5,4.0,6.0,12.0
10,62.0,11.6,1.0,1.0,15.0
16,110.0,15.0,6.0,3.0,15.0
16,56.0,11.75,3.0,7.0,6.0
16,196.0,13.9,4.0,3.0,15.0
16,120.0,8.0,19.0,5.0,30.0
16,70.0,7.0,4.0,6.0,5.0
10,62.0,7.0,1.0,1.0,15.0
17,50.0,10.5,4.0,5.0,15.0
17,55.0,10.0,4.0,4.0,10.0
16,200.0,14.9,4.0,4.0,10.0
16,51.0,3.6,4.0,4.0,5.0
10,90.0,10.3,1.0,1.0,15.0
14,45.0,10.0,4.0,4.0,6.0
10,65.0,5.4,3.0,5.0,15.0
16,60.0,4.2,3.0,4.0,10.0
10,55.0,24.0,2.0,2.0,15.0
10,36.0,19.5,3.0,4.0,8.0
17,105.0,10.6,5.0,5.0,10.0
10,142.0,12.99,36.0,7.0,10.0
16,134.0,4.2,6.0,5.0,6.0
9,52.0,24.0,3.0,5.0,10.0
10,36.0,19.5,3.0,4.0,8.0
17,105.0,10.6,5.0,5.0,10.0
10,142.0,12.99,36.0,7.0,10.0
16,134.0,18.5,4.0,3.0,27.0
9,52.0,36.0,3.0,5.0,10.0
19,80.0,5.5,2.0,3.0,10.0
19,86.0,5.5,6.0,8.0,10.0
9,50.0,7.0,3.0,4.0,3.0
9,50.0,6.25,3.0,4.0,3.0
11,50.0,48.0,5.0,4.0,10.0
9,60.0,8.6,4.0,4.0,3.0
10,150.0,45.0,30.0,9.0,15.0
20,49.0,6.2,3.0,5.0,30.0
11,180.0,7.6,38.0,10.0,15.0
9,33.0,10.0,6.0,5.0,5.0
20,40.0,12.8,2.0,3.0,10.0
20,55.0,14.0,4.0,1.0,11.0
16,102.0,13.0,4.0,5.0,4.0
18,55.0,8.6,6.0,4.0,10.0
16,56.0,45.0,4.0,5.0,40.0
20,49.0,6.2,4.0,4.0,6.0
11,180.0,7.6,38.0,10.0,15.0
9,33.0,10.0,6.0,4.0,7.0
20,40.0,12.8,3.0,5.0,3.0
20,55.0,14.0,5.0,3.0,12.0
16,102.0,13.0,3.0,3.0,3.0
18,55.0,13.0,4.0,4.0,3.0
16,56.0,5.5,4.0,5.0,40.0
20,46.0,5.3,2.0,2.0,21.0
20,35.0,3.95,5.0,4.0,6.0
20,33.0,16.4,4.0,5.0,12.0
16,28.0,5.8,4.0,4.0,11.0
16,185.0,14.3,3.0,4.0,5.0
16,48.0,6.0,4.0,5.0,8.0
16,61.0,7.5,4.0,4.0,40.0
16,20.0,12.2,3.0,4.0,30.0
16,42.0,9.2,9.0,6.0,3.0
16,50.0,1.1,3.0,5.0,20.0
19,45.0,12.2,3.0,3.0,7.0
14,18.0,9.2,2.0,5.0,1.0
16,50.0,1.1,4.0,6.0,20.0
19,45.0,10.8,3.0,3.0,7.0
14,18.0,6.3,2.0,5.0,1.0
19,500.0,2.9,10.0,4.0,10.0
15,45.0,5.2,4.0,5.0,18.0
9,30.0,5.2,2.0,3.0,3.5
9,50.0,0.01,3.0,4.0,3.0
9,50.0,12.5,3.0,4.0,3.0
15,65.0,9.4,5.0,5.0,9.0
15,80.0,15.6,5.0,5.0,9.0
20,35.0,5.7,8.0,6.0,15.0
16,80.0,28.6,6.0,4.0,2.5
0,100.0,30.5,1.0,1.0,3.5
16,130.0,5.7,18.0,4.0,40.0
19,94.0,16.0,11.0,7.0,2.0
9,40.0,12.4,4.0,5.0,5.0
16,90.0,15.4,5.0,1.0,5.0
16,75.0,17.9,3.0,4.0,3.0
16,63.0,5.7,4.0,4.0,40.0
16,86.0,16.0,5.0,6.0,8.0
9,40.0,12.4,4.0,5.0,5.0
16,90.0,15.4,4.0,4.0,20.0
16,75.0,17.9,3.0,4.0,3.0
16,63.0,23.4,6.0,4.0,40.0
16,86.0,0.01,4.0,4.0,6.0
13,32.0,5.0,3.0,1.0,3.0
18,105.0,10.8,9.0,9.0,30.0
16,30.0,4.75,6.0,5.0,3.0
14,58.0,24.4,3.0,5.0,4.0
14,46.0,7.25,5.0,6.0,4.0
9,50.0,0.0,8.0,6.0,10.0
16,52.0,5.5,5.0,5.0,5.0
16,281.0,11.5,3.0,4.0,3.0
19,50.0,23.4,4.0,5.0,3.0
9,54.0,3.6,1.0,1.0,10.0
13,34.0,5.8,4.0,4.0,5.0
9,45.0,3.2,3.0,5.0,3.0
15,50.0,8.6,3.0,7.0,16.0
9,30.0,3.2,3.0,5.0,3.0
16,30.0,8.6,5.0,2.0,6.0
9,30.0,3.2,3.0,5.0,3.0
16,30.0,3.6,4.0,5.0,15.0
9,30.0,13.0,3.0,5.0,3.0
9,45.0,7.8,3.0,5.0,3.0
16,45.0,5.4,4.0,4.0,3.0
9,60.0,30.0,1.0,2.0,10.0
19,25.0,9.4,3.0,5.0,10.0
16,130.0,21.0,20.0,6.0,50.0
16,60.0,7.0,4.0,3.0,10.0
20,63.0,21.0,8.0,7.0,10.0
16,30.0,25.0,5.0,4.0,15.0
20,63.0,17.6,8.0,7.0,3.0
20,64.0,2.45,3.0,3.0,50.0
14,85.0,21.0,8.0,7.0,10.0
15,33.0,9.08,3.0,4.0,3.0
16,125.0,12.0,4.0,4.0,20.0
18,52.0,12.8,6.0,4.0,7.0
9,36.0,11.4,4.0,4.0,18.0
15,48.0,11.4,3.0,4.0,1.0
16,60.0,3.6,36.0,5.0,5.0
16,60.0,3.65,5.0,6.0,15.0
9,45.0,16.0,3.0,5.0,3.0
12,60.0,2.35,3.0,4.0,3.5
15,58.0,5.4,4.0,4.0,35.0
15,32.0,0.72,3.0,5.0,2.0
19,25.0,3.2,3.0,5.0,10.0
4,60.0,3.2,7.0,5.0,25.0
9,30.0,3.2,3.0,5.0,3.0
9,30.0,3.2,3.0,5.0,3.0
9,30.0,3.2,3.0,5.0,3.0
9,30.0,3.2,3.0,5.0,3.0
9,30.0,16.5,3.0,5.0,3.0
9,30.0,0.01,3.0,5.0,3.0
18,64.0,8.45,5.0,4.0,10.0
18,105.0,21.0,9.0,9.0,30.0
7,78.0,2.0,2.0,2.0,8.0
18,80.0,46.0,3.0,4.0,15.0
15,32.0,3.75,4.0,5.0,2.2
13,130.0,21.0,6.0,8.0,2.5
9,30.0,2.0,3.0,5.0,3.0
18,80.0,46.0,3.0,5.0,24.0
15,32.0,3.75,4.0,5.0,2.2
13,130.0,2.65,8.0,8.0,12.0
9,30.0,3.75,3.0,5.0,3.0
9,20.0,5.5,2.0,4.0,3.0
9,30.0,5.5,3.0,5.0,3.0
9,50.0,5.5,3.0,4.0,3.0
9,50.0,5.5,3.0,4.0,3.0
9,50.0,8.0,3.0,4.0,3.0
9,50.0,21.2,3.0,4.0,3.0
19,298.0,35.6,3.0,1.0,8.0
12,100.0,7.8,6.0,6.0,5.0
18,86.0,46.0,5.0,3.0,2.0
19,35.0,14.9,3.0,6.0,10.0
13,130.0,25.5,13.0,8.0,10.0
12,56.0,4.9,5.0,5.0,5.0
12,68.0,82.0,2.0,2.0,10.0
9,50.0,5.0,3.0,4.0,3.0
18,142.0,5.0,1.0,5.0,12.0
9,50.0,4.9,3.0,3.0,3.0
9,50.0,3.75,3.0,3.0,3.0
9,50.0,7.8,3.0,4.0,3.0
11,30.0,5.0,4.0,6.0,3.0
19,35.0,10.8,3.0,6.0,10.0
9,50.0,3.75,3.0,4.0,3.0
19,500.0,59.0,10.0,4.0,10.0
9,35.0,22.5,3.0,5.0,3.0
19,230.0,14.0,5.0,3.0,9.0
13,106.0,5.2,3.0,3.0,6.0
20,100.0,13.5,7.0,4.0,10.0
18,40.0,22.0,4.0,4.0,4.0
12,66.0,15.8,4.0,4.0,3.0
18,75.0,26.5,6.0,5.0,10.0
20,66.0,12.9,4.0,4.0,8.0
12,52.0,12.0,4.0,4.0,2.5
20,50.0,0.01,5.0,6.0,6.0
20,45.0,11.5,4.0,5.0,6.0
18,105.0,0.01,9.0,9.0,30.0
20,50.0,12.9,8.0,5.0,3.5
18,105.0,12.0,9.0,9.0,30.0
20,50.0,0.01,5.0,6.0,6.0
20,45.0,11.5,4.0,5.0,6.0
18,105.0,0.01,9.0,9.0,30.0
20,50.0,27.5,6.0,4.0,8.0
18,105.0,55.0,9.0,9.0,30.0
15,125.0,16.5,6.0,4.0,3.0
11,110.0,17.5,7.0,7.0,15.0
15,58.0,11.8,23.0,1.0,2.5
11,73.0,1.75,5.0,4.0,12.0
19,38.0,11.3,4.0,6.0,14.0
9,17.0,1.75,2.0,4.0,3.0
20,60.0,15.0,5.0,3.0,27.0
9,20.0,5.0,2.0,4.0,3.0
20,40.0,23.9,4.0,4.0,20.0
9,50.0,0.0,3.0,4.0,3.0
18,70.0,3.95,6.0,4.0,20.0
13,255.0,5.5,4.0,2.0,16.0
14,40.0,17.0,4.0,5.0,4.0
9,50.0,17.0,3.0,4.0,3.0
20,130.0,18.0,4.0,4.0,5.0
20,130.0,4.8,4.0,4.0,5.0
20,60.0,3.75,8.0,7.0,5.0
17,45.0,35.0,4.0,5.0,6.0
9,30.0,15.0,3.0,5.0,3.0
20,60.0,32.0,6.0,3.0,48.0
20,50.0,1.75,5.0,7.0,6.0
20,80.0,13.5,7.0,5.0,10.0
9,20.0,115.0,2.0,4.0,3.0
18,85.0,5.5,6.0,3.0,20.0
12,175.0,22.0,6.0,5.0,48.0
9,50.0,20.0,3.0,4.0,3.0
20,117.0,15.0,6.0,3.0,8.0
12,76.0,7.65,4.0,4.0,4.0
18,85.0,15.0,4.0,4.0,6.0
20,35.0,1.75,4.0,4.0,10.0
20,80.0,5.5,9.0,7.0,6.0
9,20.0,36.0,2.0,4.0,3.0
9,50.0,27.0,3.0,4.0,3.0
9,50.0,1.75,8.0,8.0,15.0
20,90.0,5.5,8.0,7.0,8.0
9,20.0,36.0,2.0,4.0,3.0
9,50.0,27.0,3.0,4.0,3.0
9,50.0,24.0,8.0,8.0,15.0
20,90.0,50.0,8.0,7.0,8.0
11,65.0,18.0,8.0,7.0,6.0
13,80.0,8.0,6.0,8.0,16.0
20,65.0,16.5,7.0,6.0,9.0
18,36.0,70.0,3.0,6.0,15.0
20,78.0,24.0,15.0,7.0,3.0
20,120.0,14.0,2.0,5.0,5.0
18,68.0,11.0,5.0,4.0,20.0
9,60.0,16.0,6.0,4.0,8.0
18,45.0,186.0,8.0,5.0,6.0
20,60.0,13.0,4.0,4.0,6.0
13,175.0,4.9,10.0,4.0,14.0
20,55.0,33.0,4.0,5.0,6.0
9,50.0,13.0,3.0,4.0,3.0
20,95.0,5.3,4.0,4.0,15.0
9,67.0,13.0,4.0,2.0,16.0
18,50.0,4.9,4.0,5.0,2.0
20,55.0,33.0,4.0,5.0,6.0
9,50.0,13.0,3.0,4.0,3.0
20,95.0,5.3,4.0,4.0,15.0
9,67.0,3.6,4.0,2.0,16.0
18,50.0,4.9,4.0,5.0,2.0
19,35.0,5.0,2.0,4.0,3.0
9,50.0,5.8,3.0,4.0,3.0
9,50.0,8.7,3.0,3.0,3.0
20,50.0,363.0,5.0,5.0,16.0
18,61.0,40.0,1.0,3.0,0.0
19,875.0,16.5,1.0,1.0,1.0
19,200.0,5.0,8.0,8.0,24.0
20,55.0,28.5,6.0,8.0,7.0
20,45.0,10.8,4.0,4.0,3.0
13,60.0,63.0,3.0,3.0,12.0
19,500.0,6.2,10.0,4.0,10.0
9,95.0,63.0,10.0,5.0,15.0
19,50.0,32.0,5.0,6.0,2.5
9,90.0,10.8,2.0,1.0,24.0
13,38.0,63.0,4.0,5.0,9.0
19,500.0,6.2,10.0,4.0,10.0
9,95.0,63.0,5.0,1.0,8.0
19,50.0,32.0,5.0,6.0,2.5
9,90.0,12.0,2.0,1.0,24.0
13,38.0,16.0,4.0,5.0,9.0
20,50.0,185.0,6.0,5.0,6.0
18,55.0,6.3,5.0,5.0,60.0
13,230.0,3.75,4.0,4.0,20.0
14,40.0,9.8,4.0,4.0,20.0
9,35.0,27.0,3.0,5.0,3.0
18,35.0,10.5,4.0,5.0,12.0
9,95.0,14.85,5.0,3.0,24.0
12,65.0,14.99,4.0,5.0,30.0
20,50.0,24.0,4.0,5.0,6.0
12,61.0,6.3,6.0,6.0,10.0
18,64.0,14.2,4.0,4.0,12.0
18,28.0,6.0,3.0,5.0,12.0
18,81.0,0.01,4.0,4.0,20.0
12,49.0,14.99,4.0,5.0,5.0
18,105.0,24.0,9.0,9.0,30.0
12,61.0,6.3,6.0,6.0,10.0
18,64.0,14.2,4.0,4.0,12.0
18,28.0,6.0,5.0,5.0,17.0
18,81.0,0.01,4.0,4.0,5.0
12,49.0,3.9,4.0,5.0,5.0
18,105.0,2.5,9.0,9.0,30.0
20,25.0,135.0,2.0,3.0,6.0
10,35.0,46.0,4.0,5.0,40.0
19,490.0,2.9,4.0,5.0,15.0
19,135.0,0.01,6.0,6.0,48.0
18,35.0,2.6,4.0,5.0,3.0
18,105.0,16.5,9.0,9.0,30.0
14,38.0,55.0,3.0,4.0,2.0
19,130.0,11.5,4.0,1.0,5.0
11,110.0,9.5,7.0,7.0,15.0
9,53.0,7.9,4.0,4.0,3.0
20,60.0,13.4,4.0,5.0,5.0
20,60.0,4.75,4.0,4.0,15.0
19,60.0,2.6,6.0,7.0,7.0
9,42.0,16.5,3.0,5.0,3.0
14,38.0,55.0,3.0,4.0,2.0
19,130.0,11.5,4.0,5.0,4.0
11,110.0,9.5,7.0,7.0,15.0
9,53.0,7.9,6.0,4.0,3.0
20,60.0,13.4,4.0,5.0,5.0
20,60.0,4.75,5.0,3.0,40.0
19,60.0,2.9,6.0,7.0,7.0
9,42.0,59.5,3.0,5.0,3.0
9,30.0,43.0,2.0,3.0,3.5
13,130.0,94.5,5.0,3.0,12.0
18,130.0,35.0,5.0,5.0,3.0
20,205.0,4.9,6.0,5.0,20.0
12,200.0,39.0,4.0,3.0,10.0
9,45.0,21.5,3.0,4.0,3.0
18,150.0,3.2,3.0,5.0,3.0
13,33.0,35.0,6.0,1.0,17.0
14,36.0,4.2,4.0,4.0,2.0
20,80.0,4.9,6.0,4.0,10.0
14,38.0,4.9,4.0,5.0,4.0
9,45.0,39.0,3.0,4.0,3.0
9,45.0,21.5,3.0,4.0,3.0
18,150.0,3.2,3.0,4.0,4.0
13,33.0,35.0,3.0,2.0,15.0
14,36.0,4.2,4.0,4.0,2.0
20,80.0,4.9,2.0,4.0,8.0
14,38.0,117.0,4.0,5.0,4.0
9,45.0,138.0,3.0,4.0,3.0
13,160.0,15.5,6.0,3.0,7.0
11,250.0,0.0,5.0,6.0,7.0
19,60.0,63.0,5.0,4.0,10.0
20,700.0,4.35,3.0,4.0,16.0
20,130.0,5.6,9.0,3.0,3.0
9,36.0,3.75,3.0,5.0,3.0
20,60.0,7.15,2.0,5.0,15.0
9,42.0,35.0,2.0,3.0,3.0
19,35.0,5.5,4.0,3.0,40.0
20,60.0,24.0,1.0,4.0,10.0
9,50.0,230.0,3.0,4.0,3.0
18,70.0,4.3,5.0,6.0,12.0
13,330.0,4.0,10.0,3.0,9.0
18,35.0,2.1,3.0,5.0,4.0
18,36.0,10.0,6.0,4.0,5.0
14,27.0,13.5,2.0,4.0,4.0
15,61.0,5.3,3.0,3.0,8.0
18,64.0,4.2,1.0,1.0,3.0
18,43.0,3.4,5.0,6.0,3.5
18,40.0,6.5,6.0,5.0,4.0
15,50.0,5.85,4.0,4.0,9.0
18,50.0,9.2,3.0,4.0,4.0
18,55.0,14.9,1.0,1.0,3.0
20,50.0,8.5,4.0,5.0,3.5
12,60.0,8.3,5.0,5.0,6.0
18,38.0,3.45,4.0,5.0,6.0
20,50.0,31.6,3.0,6.0,3.0
14,37.0,2.79,4.0,4.0,4.0
11,98.0,3.6,10.0,6.0,8.0
20,40.0,7.9,2.0,3.0,13.0
14,40.0,5.6,1.0,1.0,3.0
20,45.0,2.79,4.0,2.0,2.0
4,43.0,3.6,4.0,4.0,4.0
20,40.0,7.9,2.0,3.0,1.0
14,40.0,5.6,1.0,1.0,3.0
20,45.0,3.55,6.0,4.0,10.0
4,43.0,4.4,4.0,4.0,4.0
14,36.0,4.85,1.0,1.0,3.0
18,30.0,16.9,3.0,5.0,3.0
18,45.0,4.35,1.0,1.0,3.0
18,65.0,7.2,4.0,3.0,8.0
14,56.0,70.0,4.0,5.0,4.0
18,33.0,8.4,5.0,6.0,3.0
20,131.0,0.0,7.0,8.0,10.0
18,65.0,9.9,1.0,1.0,3.0
20,20.0,4.4,3.0,4.0,2.0
14,50.0,6.2,1.0,1.0,3.0
18,32.0,22.0,3.0,5.0,3.0
18,40.0,5.25,3.0,6.0,4.0
20,75.0,14.3,7.0,6.0,6.0
18,38.0,5.95,1.0,1.0,4.0
18,70.0,8.4,12.0,7.0,3.0
15,45.0,0.0,4.0,4.0,4.0
18,65.0,9.9,1.0,1.0,3.0
20,20.0,4.4,3.0,4.0,2.0
14,50.0,6.2,1.0,1.0,3.0
18,32.0,22.0,3.0,5.0,3.0
18,40.0,5.25,3.0,6.0,4.0
20,75.0,14.3,7.0,6.0,6.0
18,38.0,5.95,1.0,1.0,4.0
18,70.0,4.2,12.0,7.0,3.0
15,45.0,7.5,4.0,4.0,4.0
4,40.0,3.55,1.0,1.0,3.0
18,53.0,6.8,6.0,5.0,3.0
12,128.0,6.15,3.0,3.0,3.0
18,50.0,15.5,1.0,1.0,3.0
16,65.0,6.8,6.0,5.0,2.5
20,60.0,4.3,6.0,4.0,10.0
14,35.0,8.95,1.0,1.0,3.0
18,33.0,5.35,3.0,3.0,3.0
18,49.0,5.25,6.0,4.0,5.0
14,53.0,4.3,1.0,1.0,3.0
18,35.0,8.95,3.0,5.0,2.5
18,33.0,5.35,3.0,3.0,3.0
18,49.0,5.25,6.0,4.0,5.0
14,53.0,6.8,1.0,1.0,3.0
18,35.0,4.2,3.0,5.0,2.5
18,46.0,7.05,4.0,4.0,4.0
15,45.0,15.0,4.0,4.0,3.5
18,50.0,4.5,1.0,1.0,3.0
18,100.0,1.88,6.0,5.0,4.0
18,49.0,7.8,6.0,5.0,3.5
18,23.0,10.0,3.0,5.0,2.5
18,60.0,6.2,4.0,4.0,4.0
11,70.0,6.15,4.0,5.0,6.0
18,40.0,5.9,3.0,6.0,4.0
18,40.0,16.5,6.0,6.0,4.0
18,59.0,19.5,6.0,5.0,4.5
18,100.0,7.0,1.0,1.0,3.0
20,100.0,6.95,6.0,5.0,20.0
18,70.0,4.25,4.0,3.0,3.0
18,43.0,15.0,4.0,4.0,4.0
20,38.0,4.5,4.0,5.0,5.0
18,100.0,1.88,6.0,5.0,4.0
18,49.0,7.8,6.0,5.0,3.5
18,23.0,10.0,3.0,5.0,2.5
18,60.0,6.2,4.0,4.0,4.0
11,70.0,6.15,4.0,5.0,6.0
18,40.0,5.9,3.0,6.0,4.0
18,40.0,16.5,6.0,6.0,4.0
18,59.0,19.5,6.0,5.0,4.5
18,100.0,7.0,1.0,1.0,3.0
20,100.0,6.95,6.0,5.0,20.0
18,70.0,4.25,4.0,3.0,3.0
18,43.0,4.15,4.0,4.0,4.0
20,38.0,4.0,4.0,5.0,5.0
18,45.0,5.3,4.0,4.0,4.0
11,45.0,4.0,6.0,5.0,8.0
18,59.0,7.8,6.0,5.0,4.5
12,45.0,3.95,3.0,3.0,5.0
9,45.0,6.8,4.0,5.0,15.0
14,41.0,4.0,1.0,1.0,3.0
12,62.0,5.3,3.0,4.0,20.0
11,45.0,4.0,6.0,5.0,8.0
18,59.0,7.8,6.0,5.0,4.5
12,45.0,3.95,5.0,4.0,5.0
9,45.0,6.8,4.0,5.0,10.0
14,41.0,4.75,1.0,1.0,3.0
12,62.0,7.8,9.0,1.0,10.0
12,55.0,4.99,3.0,5.0,10.0
9,45.0,9.1,5.0,3.0,20.0
18,42.0,4.5,6.0,5.0,21.0
12,45.0,11.0,3.0,6.0,12.0
12,24.0,3.0,4.0,4.0,25.0
18,68.0,10.2,1.0,1.0,3.0
12,41.0,12.9,9.0,4.0,12.0
20,61.0,3.8,6.0,4.0,4.0
11,65.0,3.15,4.0,5.0,60.0
12,43.0,7.35,5.0,6.0,3.0
20,25.0,3.9,4.0,4.0,4.0
14,45.0,6.0,1.0,1.0,3.0
12,42.0,4.75,8.0,9.0,3.0
20,40.0,7.8,4.0,4.0,8.0
12,55.0,4.99,2.0,3.0,5.0
9,45.0,9.1,4.0,7.0,20.0
18,42.0,4.5,6.0,5.0,21.0
12,45.0,11.0,4.0,5.0,15.0
12,24.0,3.0,4.0,7.0,3.0
18,68.0,10.2,1.0,1.0,3.0
12,41.0,12.9,4.0,5.0,3.0
20,61.0,3.8,5.0,6.0,5.0
11,65.0,3.15,9.0,3.0,12.0
12,43.0,7.35,4.0,5.0,10.0
20,25.0,3.9,4.0,4.0,3.5
14,45.0,6.0,1.0,1.0,3.0
12,42.0,3.85,3.0,6.0,4.0
20,40.0,4.7,6.0,4.0,1.0
20,40.0,4.35,1.0,1.0,5.0
12,45.0,2.8,3.0,6.0,10.0
14,56.0,6.0,4.0,5.0,4.0
15,35.0,9.9,7.0,4.0,10.0
20,40.0,4.7,6.0,5.0,10.0
14,50.0,4.35,1.0,1.0,3.0
12,45.0,2.8,3.0,5.0,12.0
14,56.0,6.0,4.0,5.0,4.0
15,35.0,9.9,3.0,4.0,10.0
20,40.0,6.0,4.0,10.0,2.5
14,50.0,3.9,1.0,1.0,3.0
20,40.0,5.1,5.0,5.0,4.0
9,32.0,4.6,2.0,5.0,2.2
9,37.0,4.6,4.0,5.0,8.0
11,52.0,7.2,3.0,5.0,9.0
12,42.0,3.9,12.0,5.0,7.0
11,80.0,2.6,4.0,5.0,10.0
12,40.0,3.9,8.0,4.0,3.0
15,35.0,3.9,3.0,3.0,4.0
9,33.0,4.1,4.0,4.0,12.0
9,33.0,4.3,4.0,5.0,15.0
17,56.0,4.5,5.0,4.0,9.0
14,35.0,3.9,3.0,5.0,4.0
12,45.0,3.9,6.0,3.0,21.0
9,33.0,3.9,4.0,5.0,4.0
9,35.0,3.9,6.0,4.0,4.0
9,33.0,4.1,6.0,1.0,3.0
9,33.0,4.3,5.0,4.0,7.0
17,56.0,4.5,4.0,5.0,9.0
14,35.0,3.9,3.0,5.0,4.0
12,45.0,3.9,5.0,4.0,20.0
9,33.0,4.5,4.0,1.0,4.0
9,35.0,14.0,4.0,3.0,15.0
12,40.0,7.2,3.0,5.0,27.0
11,50.0,6.5,8.0,5.0,27.0
12,45.0,5.5,4.0,3.0,12.0
15,65.0,6.3,5.0,4.0,27.0
9,35.0,3.9,8.0,5.0,3.0
11,60.0,12.9,5.0,5.0,20.0
12,42.0,3.8,3.0,7.0,4.0
11,65.0,7.5,6.0,6.0,2.0
12,40.0,4.85,30.0,5.0,5.0
19,40.0,3.9,5.0,5.0,7.0
15,42.0,3.15,8.0,4.0,12.0
12,43.0,12.9,6.0,4.0,4.0
20,25.0,3.8,3.0,4.0,3.0
11,65.0,7.5,5.0,4.0,3.0
12,40.0,4.85,4.0,4.0,2.5
19,40.0,3.9,5.0,5.0,9.0
15,42.0,3.15,3.0,5.0,20.0
12,43.0,4.45,3.0,3.0,8.0
20,25.0,5.85,7.0,3.0,20.0
20,35.0,3.85,4.0,3.0,5.0
9,42.0,3.15,4.0,6.0,3.0
12,42.0,5.35,6.0,3.0,20.0
20,25.0,7.8,3.0,4.0,4.0
12,50.0,4.3,13.0,5.0,15.0
9,45.0,4.3,5.0,4.0,15.0
4,41.0,7.5,1.0,1.0,3.0
12,46.0,13.5,3.0,4.0,1.0
19,55.0,3.3,10.0,4.0,5.0
20,62.0,16.5,4.0,2.0,13.0
18,34.0,3.8,5.0,4.0,3.0
11,84.0,12.8,3.0,5.0,15.0
17,51.0,4.85,6.0,4.0,9.0
11,40.0,3.9,4.0,4.0,1.0
15,42.0,3.15,5.0,9.0,33.0
12,43.0,4.45,2.0,6.0,9.0
20,25.0,5.85,6.0,2.0,5.0
20,35.0,3.85,6.0,4.0,4.0
9,42.0,3.15,6.0,5.0,4.0
12,42.0,5.35,3.0,4.0,9.0
20,25.0,7.8,4.0,1.0,17.0
12,50.0,4.3,4.0,4.0,4.0
9,45.0,4.3,6.0,3.0,8.0
4,41.0,7.5,1.0,1.0,3.0
12,46.0,13.5,3.0,4.0,1.0
19,55.0,3.3,16.0,4.0,30.0
20,62.0,16.5,4.0,5.0,27.0
18,34.0,3.8,5.0,4.0,3.0
11,84.0,12.8,2.0,5.0,15.0
17,51.0,3.65,6.0,4.0,9.0
11,40.0,8.5,4.0,4.0,17.0
14,40.0,3.5,1.0,1.0,3.0
19,55.0,7.5,5.0,5.0,4.0
17,50.0,13.5,1.0,3.0,9.0
19,55.0,3.3,5.0,1.0,12.0
20,62.0,16.5,1.0,5.0,6.0
18,34.0,3.8,5.0,4.0,3.0
11,84.0,12.8,7.0,5.0,7.0
17,51.0,3.65,4.0,5.0,9.0
11,40.0,8.5,4.0,4.0,12.0
14,40.0,3.5,1.0,1.0,3.0
19,55.0,8.0,3.0,4.0,25.0
17,50.0,7.95,4.0,4.0,9.0
19,30.0,3.5,5.0,7.0,7.0
12,64.0,4.4,3.0,5.0,15.0
16,40.0,5.45,3.0,5.0,2.5
14,41.0,4.3,1.0,1.0,3.0
8,55.0,4.4,8.0,2.0,9.0
15,40.0,5.5,4.0,5.0,3.0
12,38.0,3.15,3.0,7.0,10.0
12,60.0,4.2,3.0,4.0,12.0
15,45.0,8.4,4.0,4.0,3.0
12,46.0,4.4,6.0,3.0,5.0
20,43.0,5.45,6.0,5.0,4.0
14,41.0,4.3,1.0,1.0,3.0
8,55.0,4.4,3.0,2.0,30.0
15,40.0,5.5,4.0,5.0,3.0
12,38.0,3.15,4.0,6.0,5.0
12,60.0,4.2,5.0,3.0,10.0
15,45.0,8.4,4.0,5.0,3.0
12,46.0,3.45,2.0,4.0,5.0
20,43.0,3.35,6.0,5.0,4.0
15,45.0,5.2,2.0,4.0,24.0
12,30.0,8.5,12.0,4.0,3.5
12,40.0,7.1,4.0,5.0,30.0
12,71.0,3.65,10.0,5.0,3.5
12,50.0,3.08,5.0,4.0,5.0
12,30.0,4.5,5.0,5.0,30.0
15,40.0,9.0,4.0,4.0,5.0
12,60.0,1.8,6.0,3.0,15.0
12,70.0,3.9,6.0,5.0,15.0
15,35.0,6.5,3.0,4.0,4.0
12,40.0,3.65,5.0,4.0,4.0
15,50.0,3.08,3.0,5.0,4.0
12,30.0,4.5,2.0,5.0,5.0
15,40.0,9.0,6.0,4.0,12.0
12,60.0,1.8,3.0,5.0,12.0
12,70.0,3.9,4.0,5.0,15.0
15,35.0,6.5,3.0,4.0,4.0
12,40.0,29.9,5.0,4.0,4.0
15,50.0,9.5,3.0,5.0,4.0
20,157.0,4.1,7.0,7.0,4.0
18,71.0,2.85,1.0,1.0,3.0
11,50.0,5.1,4.0,5.0,4.0
12,34.0,8.9,3.0,6.0,25.0
12,42.0,6.5,9.0,5.0,4.0
20,55.0,5.25,3.0,3.0,5.0
15,44.0,6.8,4.0,5.0,5.0
11,40.0,3.75,4.0,5.0,10.0
15,42.0,5.25,3.0,4.0,4.0
15,45.0,2.0,3.0,5.0,4.0
11,40.0,3.1,4.0,4.0,20.0
5,100.0,5.1,1.0,1.0,1.0
15,43.0,8.9,2.0,2.0,4.0
12,42.0,6.5,4.0,4.0,6.0
20,55.0,5.25,3.0,3.0,15.0
15,44.0,6.8,4.0,5.0,5.0
11,40.0,3.75,4.0,1.0,3.0
15,42.0,5.25,3.0,4.0,4.0
15,45.0,2.0,3.0,5.0,4.0
11,40.0,3.1,4.0,4.0,27.0
5,100.0,2.2,1.0,1.0,1.0
15,43.0,2.7,2.0,2.0,4.0
17,60.0,3.5,6.0,7.0,15.0
15,43.0,9.0,3.0,4.0,4.0
18,35.0,5.5,5.0,4.0,3.0
15,70.0,6.8,3.0,5.0,5.0
11,55.0,2.85,3.0,5.0,5.0
14,50.0,5.6,6.0,5.0,3.0
15,44.0,4.6,3.0,4.0,4.0
20,64.0,5.85,3.0,3.0,7.0
15,44.0,5.2,2.0,5.0,5.0
20,60.0,2.85,6.0,5.0,3.5
15,55.0,5.6,6.0,3.0,10.0
15,44.0,4.6,3.0,4.0,4.0
20,64.0,5.85,3.0,3.0,40.0
15,44.0,5.2,2.0,5.0,5.0
20,60.0,3.75,8.0,3.0,5.0
15,55.0,5.1,2.0,6.0,18.0
14,33.0,7.5,1.0,1.0,3.0
15,54.0,1.35,4.0,4.0,33.0
20,56.0,6.9,4.0,4.0,4.0
15,33.0,11.8,2.0,2.0,4.0
20,40.0,4.55,4.0,5.0,12.0
15,52.0,6.3,12.0,5.0,5.0
15,60.0,4.2,4.0,4.0,4.0
11,60.0,4.3,9.0,5.0,3.0
11,51.0,6.2,5.0,5.0,9.0
17,52.0,7.5,5.0,5.0,9.0
15,40.0,4.5,4.0,5.0,4.0
18,49.0,3.4,6.0,4.0,5.0
15,50.0,3.5,8.0,5.0,12.0
15,40.0,4.2,3.0,4.0,5.0
11,65.0,4.3,4.0,5.0,3.0
11,51.0,6.2,6.0,5.0,9.0
17,52.0,7.5,3.0,5.0,9.0
15,40.0,4.5,4.0,5.0,4.0
18,49.0,3.4,6.0,4.0,5.0
15,50.0,3.5,6.0,6.0,3.0
15,40.0,15.8,3.0,4.0,5.0
11,65.0,3.75,4.0,5.0,8.0
20,60.0,5.5,4.0,5.0,3.0
15,45.0,17.5,4.0,5.0,4.0
11,60.0,3.2,4.0,4.0,6.0
19,40.0,5.4,6.0,7.0,3.0
16,38.0,4.05,3.0,5.0,3.0
18,55.0,5.35,4.0,5.0,3.0
15,66.0,7.9,5.0,6.0,5.0
15,43.0,3.1,4.0,4.0,4.0
20,65.0,6.8,10.0,5.0,3.0
15,40.0,2.45,3.0,2.0,3.0
14,50.0,9.0,4.0,4.0,16.0
15,31.0,17.5,3.0,4.0,3.0
18,49.0,3.2,6.0,4.0,5.0
19,40.0,5.4,6.0,7.0,13.0
16,38.0,4.05,3.0,5.0,3.0
18,55.0,5.35,3.0,5.0,30.0
15,66.0,7.9,4.0,4.0,3.0
15,43.0,3.1,4.0,4.0,4.0
20,65.0,6.8,10.0,5.0,3.0
15,40.0,2.45,3.0,2.0,3.0
14,50.0,9.0,32.0,6.0,3.0
15,31.0,3.38,3.0,4.0,3.0
18,49.0,11.9,6.0,4.0,5.0
15,36.0,3.7,3.0,4.0,3.0
11,45.0,13.5,6.0,4.0,10.0
16,48.0,3.9,4.0,5.0,2.5
11,60.0,2.85,12.0,7.0,15.0
17,48.0,5.6,4.0,4.0,9.0
15,33.0,4.9,1.0,2.0,5.0
16,45.0,3.25,3.0,5.0,4.0
16,48.0,2.6,4.0,5.0,4.0
16,35.0,5.6,3.0,5.0,3.0
12,18.0,4.9,3.0,6.0,1.0
16,45.0,3.25,3.0,5.0,4.0
16,48.0,2.6,4.0,5.0,4.0
16,35.0,3.5,3.0,5.0,3.0
12,18.0,4.1,3.0,6.0,1.0
18,35.0,3.45,5.0,4.0,3.0
17,48.0,4.5,6.0,5.0,6.0
16,40.0,4.5,4.0,4.0,2.0
16,58.0,2.9,3.0,4.0,4.0
18,45.0,3.9,6.0,5.0,2.5
16,50.0,1.88,2.0,3.0,4.0
11,51.0,2.85,4.0,5.0,4.0
18,23.0,5.2,3.0,5.0,2.5
8,52.0,14.8,6.0,7.0,4.0
17,52.0,1.7,4.0,5.0,4.0
19,72.0,22.0,4.0,4.0,8.0
18,26.0,6.5,3.0,4.0,3.5
20,200.0,7.5,3.0,3.0,1.0
17,56.0,4.7,4.0,5.0,4.0
19,53.0,4.1,6.0,6.0,6.0
18,68.0,3.45,6.0,5.0,3.5
17,48.0,4.5,6.0,5.0,6.0
16,40.0,4.5,4.0,4.0,2.0
16,58.0,2.9,3.0,4.0,4.0
18,45.0,3.9,6.0,5.0,2.5
16,50.0,1.88,2.0,3.0,4.0
11,51.0,2.85,4.0,5.0,4.0
18,23.0,5.2,3.0,5.0,2.5
8,52.0,14.8,3.0,4.0,2.0
17,52.0,1.7,4.0,5.0,4.0
19,72.0,22.0,4.0,4.0,8.0
18,26.0,6.5,3.0,4.0,3.5
20,200.0,7.5,3.0,3.0,1.0
17,56.0,4.7,4.0,5.0,4.0
19,53.0,12.5,6.0,6.0,25.0
18,68.0,7.3,6.0,5.0,3.5
16,85.0,4.2,4.0,3.0,5.0
16,59.0,0.03,4.0,5.0,4.0
17,56.0,1.88,8.0,1.0,9.0
7,171.0,14.8,4.0,3.0,4.0
18,23.0,1.7,3.0,5.0,2.5
19,72.0,22.0,4.0,4.0,8.0
18,26.0,6.5,3.0,4.0,3.5
20,200.0,7.5,3.0,3.0,1.0
17,56.0,4.7,4.0,5.0,4.0
19,53.0,12.5,6.0,6.0,4.0
18,68.0,7.3,6.0,5.0,3.5
16,85.0,4.2,4.0,3.0,5.0
16,59.0,0.03,4.0,5.0,4.0
17,56.0,1.88,10.0,6.0,9.0
7,171.0,5.9,4.0,3.0,4.0
18,23.0,2.05,3.0,5.0,2.5
19,40.0,5.9,6.0,5.0,6.0
16,48.0,11.5,7.0,4.0,3.0
19,40.0,4.3,6.0,5.0,6.0
18,64.0,9.5,8.0,6.0,10.0
17,52.0,7.65,4.0,5.0,9.0
18,50.0,6.6,6.0,4.0,5.0
15,60.0,8.2,4.0,7.0,24.0
16,47.0,4.7,3.0,5.0,4.0
19,32.0,12.5,3.0,5.0,5.0
18,68.0,7.3,6.0,5.0,3.5
16,85.0,4.2,4.0,3.0,5.0
16,59.0,0.03,4.0,5.0,4.0
17,56.0,1.88,5.0,6.0,9.0
7,171.0,5.9,4.0,3.0,4.0
18,23.0,2.05,3.0,5.0,2.5
19,40.0,5.9,6.0,5.0,6.0
16,48.0,11.5,4.0,5.0,3.0
19,40.0,4.3,6.0,5.0,6.0
18,64.0,9.5,8.0,6.0,10.0
17,52.0,7.65,3.0,5.0,9.0
18,50.0,6.6,6.0,4.0,5.0
15,60.0,8.2,4.0,5.0,8.0
16,47.0,7.4,3.0,5.0,4.0
19,32.0,6.7,3.0,5.0,5.0
11,52.0,6.3,1.0,5.0,7.0
19,35.0,6.8,3.0,5.0,7.0
18,41.0,7.25,4.0,4.0,5.0
14,50.0,4.2,4.0,4.0,9.0
8,55.0,0.03,3.0,4.0,15.0
17,56.0,1.88,4.0,4.0,9.0
7,171.0,5.9,4.0,3.0,4.0
18,23.0,2.05,3.0,5.0,2.5
19,40.0,5.9,6.0,5.0,6.0
16,48.0,11.5,4.0,4.0,3.0
19,40.0,4.3,6.0,5.0,6.0
18,64.0,9.5,8.0,6.0,10.0
17,52.0,7.65,6.0,4.0,9.0
18,50.0,6.6,6.0,4.0,5.0
15,60.0,8.2,4.0,5.0,10.0
16,47.0,7.4,3.0,5.0,4.0
19,32.0,6.7,3.0,5.0,5.0
11,52.0,6.3,9.0,5.0,2.0
19,35.0,6.8,3.0,5.0,7.0
18,41.0,7.25,4.0,4.0,5.0
14,50.0,9.2,4.0,4.0,3.0
8,55.0,5.4,5.0,4.0,5.0
16,100.0,6.8,3.0,3.0,4.0
18,58.0,4.3,4.0,4.0,5.0
16,45.0,9.5,3.0,5.0,3.5
17,52.0,7.65,3.0,3.0,9.0
18,50.0,6.6,6.0,4.0,5.0
15,60.0,8.2,4.0,5.0,8.0
16,47.0,7.4,3.0,5.0,4.0
19,32.0,6.7,3.0,5.0,5.0
11,52.0,6.3,5.0,5.0,6.0
19,35.0,6.8,3.0,5.0,7.0
18,41.0,7.25,4.0,4.0,5.0
14,50.0,9.2,8.0,4.0,12.0
8,55.0,5.4,3.0,5.0,12.0
16,100.0,6.8,3.0,3.0,4.0
18,58.0,11.5,4.0,4.0,5.0
16,45.0,4.2,3.0,5.0,3.5
16,119.0,4.0,6.0,5.0,5.0
18,49.0,12.5,5.0,5.0,3.5
15,55.0,2.95,6.0,1.0,12.0
19,130.0,5.6,5.0,4.0,3.5
15,40.0,3.15,4.0,5.0,2.5
10,42.0,7.25,4.0,5.0,20.0
14,35.0,9.2,4.0,5.0,3.5
8,55.0,5.4,5.0,7.0,3.0
16,100.0,6.8,3.0,3.0,4.0
18,58.0,11.5,4.0,4.0,5.0
16,45.0,4.2,3.0,5.0,3.5
16,119.0,4.0,6.0,5.0,5.0
18,49.0,12.5,5.0,5.0,3.5
15,55.0,2.95,4.0,5.0,15.0
19,130.0,5.6,5.0,4.0,3.5
15,40.0,3.15,5.0,5.0,10.0
10,42.0,5.95,1.0,5.0,6.0
14,35.0,6.9,4.0,5.0,3.5
19,40.0,5.75,4.0,5.0,3.0
15,50.0,4.09,15.0,4.0,9.0
19,40.0,5.0,5.0,5.0,3.0
15,64.0,3.6,4.0,3.0,4.0
19,45.0,3.95,4.0,5.0,2.0
15,40.0,5.3,3.0,5.0,6.0
16,48.0,0.36,3.0,4.0,3.0
16,63.0,5.0,4.0,4.0,3.0
18,33.0,3.6,4.0,5.0,3.5
19,45.0,3.95,4.0,5.0,2.0
15,40.0,5.3,6.0,4.0,33.0
16,48.0,0.36,3.0,4.0,3.0
16,63.0,8.0,4.0,4.0,3.0
18,33.0,5.95,4.0,5.0,3.5
19,47.0,6.1,3.0,5.0,8.0
19,40.0,6.5,3.0,5.0,2.0
16,45.0,22.3,4.0,6.0,4.0
16,70.0,2.8,3.0,4.0,4.0
19,54.0,5.95,6.0,6.0,8.0
16,50.0,7.2,3.0,3.0,24.0
19,40.0,5.8,3.0,5.0,2.0
19,82.0,4.2,4.0,4.0,2.5
18,65.0,4.25,5.0,4.0,3.5
16,48.0,4.6,4.0,4.0,3.0
16,45.0,3.15,3.0,4.0,3.0
18,43.0,6.4,5.0,5.0,4.5
15,39.0,10.2,3.0,4.0,3.5
18,70.0,10.2,5.0,4.0,3.5
20,62.0,3.1,3.0,3.0,4.0
20,62.0,3.5,6.0,4.0,12.0
12,45.0,3.2,4.0,5.0,1.0
15,35.0,3.6,3.0,5.0,6.0
15,38.0,10.5,5.0,4.0,17.0
18,34.0,4.5,5.0,5.0,3.5
15,150.0,2.85,2.0,7.0,3.0
16,68.0,4.0,3.0,3.0,3.0
15,42.0,5.9,5.0,4.0,12.0
17,53.0,10.5,3.0,6.0,9.0
18,69.0,10.5,4.0,4.0,5.0
10,111.0,3.4,5.0,3.0,3.0
17,61.0,12.9,4.0,4.0,24.0
16,39.0,4.4,3.0,4.0,3.0
20,55.0,4.5,3.0,5.0,12.0
16,56.0,4.25,3.0,5.0,3.0
16,43.0,9.0,3.0,4.0,3.0
19,30.0,5.3,4.0,6.0,12.0
17,66.0,4.75,4.0,3.0,15.0
18,48.0,9.0,6.0,5.0,3.5
19,30.0,5.3,5.0,5.0,5.0
17,66.0,4.75,3.0,5.0,24.0
18,48.0,5.5,6.0,5.0,3.5
19,30.0,6.99,5.0,5.0,5.0
17,45.0,6.05,8.0,5.0,3.5
17,51.0,3.0,5.0,5.0,10.0
17,58.0,4.1,4.0,3.0,10.0
19,30.0,3.5,5.0,5.0,9.0
17,47.0,4.95,6.0,5.0,3.0
19,34.0,3.1,3.0,4.0,15.0
9,60.0,5.99,3.0,5.0,4.0
11,34.0,4.9,3.0,5.0,3.5
17,45.0,6.2,6.0,4.0,9.0
17,55.0,10.8,3.0,9.0,5.0
17,48.0,4.2,1.0,5.0,17.0
18,75.0,4.8,1.0,1.0,3.0
17,40.0,4.85,5.0,6.0,10.0
20,50.0,5.6,4.0,4.0,7.0
19,38.0,4.3,4.0,5.0,5.0
17,50.0,4.8,9.0,5.0,3.0
20,30.0,4.85,3.0,5.0,2.0
20,50.0,5.6,4.0,4.0,7.0
19,38.0,4.3,4.0,5.0,25.0
17,50.0,5.65,9.0,5.0,3.0
20,30.0,6.0,3.0,5.0,2.0
17,40.0,8.3,4.0,5.0,4.0
11,35.0,8.7,4.0,5.0,10.0
14,60.0,5.1,1.0,1.0,6.0
17,70.0,4.5,30.0,4.0,3.0
19,37.0,6.5,3.0,5.0,4.0
17,58.0,10.0,6.0,1.0,3.0
19,49.0,12.0,4.0,3.0,10.0
17,120.0,5.1,6.0,4.0,5.0
19,96.0,2.7,4.0,4.0,10.0
19,37.0,5.0,5.0,5.0,10.0
19,30.0,4.85,3.0,5.0,10.0
19,45.0,3.8,5.0,5.0,5.0
19,38.0,16.6,5.0,5.0,4.0
15,41.0,4.7,4.0,5.0,3.0
19,50.0,3.8,7.0,7.0,6.0
17,66.0,16.6,8.0,3.0,4.0
15,41.0,4.7,4.0,5.0,3.0
19,50.0,2.75,7.0,7.0,6.0
17,66.0,4.1,5.0,4.0,8.0
9,27.0,5.3,2.0,4.0,4.0
9,40.0,3.8,3.0,3.0,4.0
10,50.0,4.4,6.0,3.0,2.0
9,34.0,2.9,3.0,4.0,6.0
17,42.0,5.5,7.0,7.0,20.0
15,35.0,5.0,4.0,5.0,8.0
17,45.0,16.8,1.0,4.0,3.0
20,73.0,5.25,3.0,5.0,10.0
19,73.0,8.0,5.0,6.0,4.0
17,75.0,17.5,1.0,6.0,3.0
9,63.0,4.6,2.0,4.0,5.0
19,88.0,3.6,8.0,6.0,30.0
17,40.0,5.15,6.0,5.0,5.0
9,45.0,7.3,3.0,5.0,3.5
17,45.0,5.9,4.0,2.0,3.0
19,61.0,3.8,4.0,4.0,4.0
17,45.0,4.4,4.0,5.0,13.0
9,34.0,2.9,3.0,4.0,4.0
17,42.0,5.5,4.0,5.0,20.0
15,35.0,5.0,1.0,7.0,6.0
17,45.0,16.8,8.0,5.0,4.0
20,73.0,5.25,3.0,5.0,15.0
19,73.0,8.0,5.0,6.0,9.0
17,75.0,17.5,4.0,6.0,30.0
9,63.0,4.6,2.0,4.0,5.0
19,88.0,3.6,8.0,6.0,3.0
17,40.0,5.15,4.0,6.0,4.0
9,45.0,7.3,3.0,5.0,16.0
17,45.0,5.9,4.0,8.0,8.0
19,61.0,8.2,4.0,4.0,3.5
17,45.0,13.95,4.0,4.0,7.0
19,50.0,3.6,4.0,4.0,4.0
9,72.0,5.5,6.0,4.0,3.0
10,30.0,3.25,5.0,5.0,2.8
17,58.0,5.5,4.0,4.0,3.0
9,42.0,13.95,2.0,4.0,10.0
19,40.0,3.6,6.0,6.0,2.0
9,72.0,5.5,6.0,4.0,10.0
10,30.0,3.25,5.0,5.0,2.8
17,58.0,5.5,3.0,5.0,3.0
9,42.0,5.9,2.0,4.0,7.0
19,40.0,3.9,6.0,6.0,2.0
17,40.0,6.4,4.0,4.0,4.0
10,32.0,5.0,3.0,5.0,3.0
10,46.0,5.0,6.0,5.0,3.0
19,45.0,9.8,5.0,5.0,1.5
19,36.0,2.85,4.0,4.0,3.0
9,89.0,4.2,4.0,4.0,27.0
14,40.0,27.0,1.0,1.0,3.0
20,32.0,16.0,4.0,5.0,3.0
20,89.0,5.5,6.0,7.0,5.0
20,62.0,2.6,16.0,10.0,10.0
17,42.0,3.35,8.0,9.0,15.0
20,30.0,2.6,2.0,3.0,16.0
17,32.0,3.6,6.0,5.0,1.0
20,26.0,5.5,2.0,4.0,3.0
9,35.0,5.9,2.0,4.0,7.0
19,40.0,3.9,6.0,6.0,2.0
17,40.0,6.4,4.0,6.0,3.0
10,32.0,5.0,3.0,5.0,3.0
10,46.0,5.0,6.0,5.0,3.0
19,45.0,9.8,5.0,5.0,1.5
19,36.0,2.85,4.0,4.0,3.0
9,89.0,4.2,4.0,4.0,8.0
14,40.0,27.0,1.0,1.0,3.0
20,32.0,16.0,4.0,5.0,3.0
20,89.0,5.5,6.0,7.0,25.0
20,62.0,2.6,16.0,10.0,24.0
17,42.0,3.35,8.0,8.0,3.0
20,30.0,2.6,2.0,3.0,15.0
17,32.0,3.6,5.0,5.0,12.0
20,26.0,5.68,2.0,4.0,50.0
9,35.0,3.9,2.0,4.0,7.0
17,48.0,4.3,3.0,5.0,8.0
20,39.0,7.5,3.0,3.0,10.0
17,40.0,2.85,1.0,5.0,4.0
20,52.0,4.2,6.0,5.0,24.0
14,40.0,27.0,1.0,1.0,3.0
20,32.0,16.0,4.0,5.0,3.0
20,89.0,5.5,6.0,7.0,6.0
20,62.0,2.6,16.0,10.0,17.0
17,42.0,3.35,3.0,5.0,13.0
20,30.0,2.6,2.0,3.0,3.0
17,32.0,3.6,6.0,5.0,3.0
20,26.0,5.68,2.0,4.0,5.0
9,35.0,3.9,2.0,4.0,2.5
17,48.0,4.3,4.0,5.0,2.5
20,39.0,7.5,3.0,3.0,3.0
17,40.0,5.9,5.0,6.0,20.0
20,52.0,7.5,6.0,5.0,20.0
17,46.0,7.3,6.0,4.0,24.0
19,52.0,8.2,4.0,4.0,4.0
20,48.0,4.4,5.0,5.0,4.0
18,55.0,5.9,4.0,5.0,4.0
19,34.0,18.5,3.0,5.0,2.0
9,49.0,5.68,4.0,5.0,3.0
10,130.0,3.9,4.0,4.0,3.0
17,48.0,4.3,4.0,5.0,10.0
20,39.0,7.5,3.0,3.0,6.0
17,40.0,5.9,6.0,5.0,2.0
20,52.0,7.5,6.0,5.0,3.5
17,46.0,7.3,4.0,6.0,30.0
19,52.0,8.2,4.0,4.0,4.0
20,48.0,4.4,5.0,5.0,4.5
18,55.0,5.9,4.0,5.0,4.0
19,34.0,18.5,3.0,5.0,2.0
9,49.0,4.3,4.0,5.0,15.0
10,130.0,7.5,5.0,8.0,15.0
17,45.0,4.0,1.0,6.0,2.5
19,72.0,5.2,6.0,4.0,4.0
15,45.0,7.5,4.0,5.0,4.0
17,45.0,5.3,4.0,4.0,10.0
19,52.0,4.4,4.0,4.0,4.0
17,50.0,6.15,3.0,6.0,3.0
19,38.0,4.4,5.0,5.0,2.0
11,50.0,4.3,3.0,6.0,8.0
10,32.0,7.5,36.0,4.0,4.0
17,45.0,4.0,3.0,5.0,40.0
19,72.0,5.2,4.0,4.0,3.5
15,45.0,7.5,5.0,5.0,24.0
17,45.0,5.3,4.0,5.0,4.0
19,52.0,4.4,4.0,4.0,4.0
17,50.0,6.15,4.0,4.0,5.0
19,38.0,4.4,5.0,5.0,2.0
11,50.0,5.0,16.0,3.0,4.0
10,32.0,4.85,3.0,4.0,3.0
19,52.0,4.5,5.0,5.0,2.0
9,41.0,4.15,4.0,5.0,9.0
19,52.0,3.6,5.0,5.0,2.0
16,43.0,12.0,4.0,6.0,3.0
12,52.0,16.6,4.0,4.0,5.0
20,72.0,3.0,4.0,4.0,8.0
19,56.0,6.85,6.0,7.0,8.0
20,30.0,8.5,3.0,4.0,15.0
20,55.0,12.0,4.0,1.0,6.0
9,67.0,12.0,4.0,4.0,4.0
19,66.0,16.6,5.0,5.0,35.0
20,72.0,3.0,4.0,4.0,9.0
19,56.0,6.85,6.0,7.0,8.0
20,30.0,8.5,3.0,4.0,3.0
20,55.0,12.0,5.0,4.0,15.0
9,67.0,16.5,4.0,4.0,13.0
19,66.0,4.15,6.0,5.0,12.0
20,89.0,7.9,10.0,7.0,3.5
17,36.0,5.5,4.0,5.0,40.0
20,75.0,3.15,5.0,3.0,5.0
9,60.0,5.2,9.0,5.0,3.0
16,40.0,5.5,4.0,4.0,2.5
10,40.0,6.9,4.0,6.0,5.0
9,54.0,17.5,4.0,4.0,39.0
9,47.0,7.7,4.0,5.0,3.0
19,73.0,3.1,6.0,7.0,8.0
19,105.0,6.7,8.0,2.0,30.0
19,30.0,12.8,3.0,5.0,3.0
15,62.0,4.25,7.0,4.0,15.0
11,70.0,7.9,4.0,5.0,20.0
19,47.0,5.5,5.0,5.0,2.5
20,75.0,3.15,5.0,3.0,15.0
9,60.0,5.2,9.0,5.0,3.0
16,40.0,5.5,4.0,4.0,2.5
10,40.0,6.9,4.0,6.0,5.0
9,54.0,17.5,4.0,4.0,15.0
9,47.0,7.7,4.0,5.0,13.0
19,73.0,3.1,6.0,7.0,8.0
19,105.0,6.7,4.0,2.0,6.0
19,30.0,12.8,3.0,5.0,10.0
15,62.0,4.25,4.0,4.0,3.0
11,70.0,5.1,3.0,5.0,17.0
19,47.0,4.1,1.0,5.0,3.0
9,45.0,4.25,4.0,5.0,7.0
9,35.0,4.25,3.0,5.0,3.0
19,37.0,4.6,6.0,5.0,30.0
19,47.0,3.5,3.0,5.0,10.0
20,38.0,5.35,4.0,4.0,3.0
9,23.0,5.3,3.0,5.0,4.0
9,32.0,3.1,2.0,4.0,15.0
9,35.0,6.7,3.0,5.0,11.0
19,30.0,12.8,3.0,5.0,5.0
15,62.0,4.25,4.0,4.0,10.0
11,70.0,5.1,12.0,5.0,13.0
19,47.0,4.1,10.0,5.0,9.0
9,45.0,4.25,4.0,5.0,15.0
9,35.0,4.25,3.0,5.0,4.5
19,37.0,4.6,3.0,5.0,6.0
19,47.0,3.5,4.0,5.0,10.0
20,38.0,5.35,4.0,4.0,3.5
9,23.0,5.3,3.0,5.0,6.0
9,32.0,4.25,2.0,4.0,4.5
9,35.0,5.5,3.0,5.0,4.0
20,28.0,8.5,3.0,4.0,8.0
9,40.0,5.2,6.0,4.0,6.0
19,46.0,4.74,1.0,4.0,8.0
9,38.0,15.0,9.0,6.0,10.0
19,30.0,3.2,3.0,5.0,6.0
19,68.0,4.2,6.0,6.0,6.0
16,33.0,62.0,3.0,5.0,2.5
15,56.0,24.0,3.0,3.0,12.0
19,218.0,25.0,4.0,4.0,20.0
2,154.0,18.0,6.0,4.0,20.0
15,240.0,42.5,6.0,4.0,20.0
16,201.0,36.5,4.0,4.0,15.0
11,128.0,70.0,5.0,5.0,10.0
18,127.0,35.5,4.0,5.0,10.0
9,300.0,40.0,4.0,4.0,10.0
17,200.0,39.0,4.0,4.0,20.0
16,234.0,45.0,6.0,4.0,25.0
16,184.0,36.5,4.0,4.0,25.0
20,93.0,45.0,4.0,4.0,15.0
15,182.0,150.0,3.0,3.0,10.0
11,200.0,45.0,7.0,4.0,10.0
19,395.0,22.5,4.0,4.0,20.0
20,170.0,22.0,6.0,6.0,10.0
18,69.0,54.0,4.0,6.0,10.0
18,175.0,8.6,3.0,3.0,4.0
19,126.0,26.0,4.0,5.0,7.0
18,53.0,34.0,5.0,5.0,6.0
16,140.0,22.5,6.0,4.0,20.0
16,213.0,55.0,5.0,4.0,20.0
17,100.0,60.0,4.0,4.0,15.0
14,350.0,21.0,6.0,4.0,25.0
14,350.0,25.5,6.0,4.0,35.0
18,69.0,36.5,4.0,5.0,20.0
12,191.0,30.0,6.0,3.0,6.0
14,198.0,40.0,4.0,4.0,35.0
16,200.0,152.0,6.0,4.0,20.0
16,207.0,114.5,6.0,4.0,20.0
16,391.0,58.0,6.0,4.0,40.0
19,190.0,65.0,4.0,6.0,15.0
20,250.0,23.0,5.0,4.0,10.0
16,225.0,12.3,6.0,4.0,40.0
18,111.0,21.0,7.0,4.0,9.0
18,79.0,36.5,7.0,5.0,15.0
18,72.0,59.0,6.0,5.0,10.0
11,134.0,32.8,4.0,4.0,10.0
11,271.0,12.3,4.0,4.0,10.0
11,155.0,12.3,4.0,4.0,10.0
15,73.0,26.0,4.0,5.0,11.0
15,73.0,22.2,4.0,5.0,11.0
17,122.0,48.0,4.0,5.0,18.0
20,110.0,22.5,5.0,3.0,8.0
19,193.0,28.7,5.0,4.0,5.0
18,83.0,12.3,4.0,6.0,8.0
15,198.0,24.0,6.0,3.0,20.0
15,73.0,25.0,4.0,5.0,12.0
2,154.0,24.5,6.0,4.0,20.0
15,240.0,16.5,6.0,4.0,20.0
17,92.0,26.5,4.0,5.0,10.0
15,110.0,47.0,3.0,5.0,10.0
11,84.0,12.3,5.0,6.0,10.0
11,115.0,217.0,3.0,4.0,15.0
15,73.0,12.9,4.0,5.0,11.0
19,453.0,41.0,4.0,4.0,30.0
18,51.0,25.9,6.0,4.0,9.0
11,227.0,31.0,8.0,5.0,10.0
18,112.0,11.45,6.0,5.0,10.0
15,189.0,7.15,4.0,4.0,10.0
15,90.0,22.5,4.0,7.0,10.0
15,50.0,21.5,3.0,5.0,24.0
15,180.0,10.5,3.0,4.0,4.0
18,70.0,8.0,4.0,5.0,20.0
15,90.0,6.05,4.0,4.0,3.0
15,80.0,15.0,3.0,8.0,10.0
15,56.0,11.0,3.0,7.0,4.0
15,90.0,250.0,4.0,5.0,24.0
15,50.0,14.5,6.0,7.0,15.0
19,495.0,8.1,3.0,3.0,15.0
15,80.0,11.5,4.0,4.0,15.0
15,55.0,8.2,2.0,3.0,5.0
15,80.0,13.0,4.0,4.0,15.0
15,55.0,6.35,4.0,5.0,15.0
15,80.0,24.9,4.0,4.0,15.0
15,50.0,7.1,3.0,5.0,20.0
15,240.0,4.15,8.0,4.0,20.0
16,63.0,13.0,4.0,6.0,5.0
15,63.0,24.3,4.0,3.0,10.0
16,73.0,12.9,6.0,5.0,5.0
15,170.0,12.3,5.0,4.0,15.0
16,75.0,120.0,6.0,5.0,6.0
15,80.0,20.0,4.0,4.0,12.0
19,350.0,6.2,6.0,6.0,10.0
15,210.0,6.8,6.0,4.0,20.0
15,50.0,4.99,4.0,5.0,20.0
8,55.0,21.0,6.0,6.0,30.0
8,63.0,6.5,2.0,6.0,8.0
15,220.0,77.0,6.0,3.0,15.0
15,55.0,4.95,6.0,3.0,3.0
19,296.0,12.2,5.0,3.0,10.0
15,55.0,28.0,3.0,3.0,3.0
15,50.0,7.5,4.0,7.0,3.0
15,230.0,16.5,3.0,8.0,5.0
15,52.0,7.2,4.0,5.0,7.0
20,63.0,7.15,4.0,5.0,21.0
15,50.0,6.55,4.0,5.0,15.0
15,50.0,13.75,7.0,6.0,15.0
15,52.0,13.75,4.0,4.0,3.0
15,75.0,12.0,4.0,4.0,1.0
15,90.0,7.5,4.0,5.0,15.0
15,85.0,6.5,4.0,5.0,3.0
15,50.0,6.7,27.0,7.0,5.0
2,100.0,11.5,5.0,5.0,12.0
2,100.0,6.5,5.0,5.0,12.0
2,100.0,6.7,5.0,5.0,33.0
2,100.0,6.3,5.0,5.0,12.0
2,100.0,10.35,5.0,5.0,17.0
2,100.0,5.85,5.0,5.0,12.0
2,90.0,5.4,5.0,5.0,33.0
2,90.0,9.8,5.0,5.0,12.0
2,90.0,5.0,5.0,5.0,12.0
18,120.0,5.85,4.0,6.0,1.0
2,100.0,6.56,5.0,5.0,17.0
2,90.0,6.09,5.0,5.0,12.0
2,101.0,5.0,5.0,5.0,12.0
2,105.0,7.0,5.0,5.0,17.0
2,61.0,13.5,3.0,1.0,9.0
6,80.0,6.5,5.0,4.0,15.0
2,100.0,7.3,5.0,5.0,17.0
6,73.0,8.0,4.0,4.0,15.0
6,90.0,14.0,4.0,4.0,15.0
2,100.0,11.48,4.0,4.0,12.0
2,95.0,57.0,4.0,4.0,12.0
2,135.0,12.96,5.0,5.0,12.0
11,207.0,7.74,5.0,3.0,12.0
2,135.0,9.3,5.0,5.0,12.0
2,90.0,7.5,5.0,5.0,12.0
2,95.0,8.1,5.0,5.0,12.0
6,73.0,15.0,4.0,4.0,15.0
2,100.0,10.0,4.0,4.0,17.0
2,95.0,6.5,4.0,4.0,24.0
2,100.0,13.0,5.0,4.0,30.0
6,80.0,7.6,4.0,4.0,15.0
2,79.0,6.8,5.0,5.0,30.0
6,88.0,7.75,4.0,4.0,24.0
6,95.0,9.0,4.0,4.0,15.0
6,95.0,18.0,4.0,5.0,39.0
6,92.0,9.6,5.0,4.0,15.0
2,222.0,14.5,4.0,5.0,15.0
6,175.0,0.12,4.0,3.0,15.0
2,100.0,13.0,4.0,4.0,33.0
2,95.0,59.7,4.0,4.0,33.0
6,204.0,16.7,4.0,3.0,15.0
2,398.0,18.0,4.0,3.0,24.0
2,221.0,19.0,4.0,5.0,12.0
2,231.0,14.0,4.0,5.0,15.0
2,232.0,0.08,5.0,5.0,12.0
6,204.0,18.0,4.0,3.0,15.0
2,98.0,6.08,4.0,4.0,17.0
2,100.0,20.0,5.0,4.0,10.0
2,76.0,14.0,4.0,5.0,30.0
2,225.0,11.0,5.0,5.0,10.0
2,162.0,7.1,5.0,5.0,6.0
2,90.0,7.2,4.0,4.0,17.0
6,95.0,14.5,4.0,4.0,13.0
6,95.0,7.8,5.0,4.0,11.0
6,204.0,6.6,4.0,3.0,15.0
6,88.0,9.0,5.0,4.0,24.0
6,80.0,9.0,5.0,4.0,39.0
6,92.0,47.0,5.0,4.0,27.0
6,92.0,14.0,5.0,4.0,27.0
10,154.0,12.8,5.0,4.0,10.0
2,144.0,7.9,5.0,5.0,15.0
6,135.0,8.2,4.0,4.0,39.0
6,88.0,15.0,4.0,4.0,27.0
6,80.0,8.4,4.0,4.0,15.0
6,204.0,9.0,4.0,4.0,13.0
6,92.0,15.0,4.0,4.0,27.0
2,79.0,8.0,5.0,5.0,17.0
6,204.0,14.0,3.0,3.0,15.0
2,100.0,7.5,5.0,5.0,12.0
6,204.0,13.0,4.0,3.0,13.0
6,90.0,9.0,4.0,3.0,10.0
2,100.0,7.3,5.0,4.0,33.0
6,92.0,17.0,4.0,4.0,9.0
6,90.0,7.7,4.0,4.0,13.0
6,199.0,8.0,5.0,3.0,39.0
6,80.0,6.6,4.0,4.0,39.0
6,95.0,17.0,5.0,4.0,39.0
6,80.0,9.5,4.0,4.0,15.0
6,239.0,19.0,5.0,3.0,15.0
2,100.0,15.0,5.0,5.0,12.0
2,211.0,10.5,5.0,5.0,20.0
2,100.0,35.5,5.0,5.0,30.0
6,158.0,9.6,4.0,3.0,8.5
19,624.0,7.2,3.0,1.0,15.0
2,100.0,0.05,5.0,4.0,12.0
2,72.0,33.5,5.0,4.0,24.0
2,100.0,11.0,5.0,4.0,12.0
19,77.0,11.5,4.0,4.0,30.0
2,138.0,14.6,5.0,5.0,15.0
6,230.0,20.88,3.0,5.0,15.0
6,204.0,0.07,4.0,3.0,15.0
2,167.0,14.6,4.0,4.0,30.0
2,75.0,7.89,4.0,4.0,9.0
2,100.0,12.0,5.0,5.0,33.0
2,95.0,14.0,4.0,4.0,17.0
2,100.0,6.4,4.0,4.0,18.0
6,158.0,6.4,4.0,3.0,24.0
2,100.0,5.1,4.0,4.0,12.0
2,100.0,0.1,4.0,4.0,12.0
2,98.0,13.5,4.0,4.0,12.0
2,286.0,10.0,4.0,4.0,17.0
2,162.0,6.7,4.0,5.0,15.0
6,92.0,12.5,4.0,4.0,27.0
6,80.0,8.5,4.0,4.0,39.0
6,158.0,16.92,4.0,3.0,24.0
6,92.0,15.0,4.0,4.0,27.0
6,199.0,9.3,4.0,3.0,39.0
6,204.0,13.5,4.0,3.0,13.0
2,95.0,8.5,5.0,5.0,12.0
2,100.0,7.1,4.0,4.0,30.0
6,95.0,7.56,4.0,4.0,39.0
6,95.0,6.16,4.0,4.0,13.0
2,135.0,6.8,5.0,5.0,17.0
2,110.0,6.7,5.0,5.0,17.0
2,100.0,6.63,4.0,4.0,12.0
2,103.0,6.56,5.0,5.0,12.0
2,102.0,6.56,5.0,5.0,12.0
2,101.0,6.5,5.0,5.0,12.0
2,101.0,6.73,5.0,5.0,12.0
2,100.0,6.6,5.0,5.0,12.0
2,102.0,0.12,5.0,5.0,12.0
2,100.0,8.6,5.0,5.0,12.0
2,100.0,13.5,4.0,4.0,33.0
6,92.0,11.7,5.0,4.0,27.0
2,100.0,4.62,4.0,4.0,30.0
6,158.0,55.0,4.0,3.0,15.0
14,84.0,48.4,2.0,4.0,30.0
10,240.0,6.0,6.0,4.0,12.0
16,220.0,7.95,4.0,4.0,25.0
16,48.0,38.0,4.0,4.0,20.0
9,85.0,17.5,4.0,3.0,4.0
19,265.0,63.4,5.0,4.0,3.0
19,200.0,21.5,3.0,3.0,4.0
19,198.0,9.5,5.0,3.0,10.0
1,90.0,70.0,2.0,5.0,40.0
15,85.0,85.0,4.0,4.0,12.0
19,149.0,7.1,4.0,3.0,15.0
19,350.0,12.0,4.0,5.0,5.0
15,50.0,140.0,4.0,5.0,10.0
19,171.0,115.0,5.0,4.0,5.0
19,417.0,26.5,7.0,3.0,3.0
19,200.0,12.3,5.0,5.0,8.0
15,200.0,20.5,4.0,4.0,8.0
20,48.0,124.0,4.0,5.0,15.0
18,95.0,45.0,5.0,4.0,10.0
19,424.0,12.7,5.0,4.0,10.0
19,277.0,55.0,6.0,4.0,5.0
20,43.0,33.15,4.0,5.0,15.0
9,183.0,5.5,4.0,3.0,10.0
11,85.0,23.0,5.0,7.0,8.0
12,35.0,10.0,4.0,5.0,3.0
17,100.0,75.0,5.0,5.0,15.0
20,60.0,9.5,6.0,5.0,10.0
11,300.0,78.0,4.0,5.0,20.0
20,100.0,72.24,3.0,3.0,5.0
19,331.0,68.0,5.0,4.0,20.0
19,172.0,6.9,4.0,4.0,4.0
19,222.0,45.0,4.0,3.0,20.0
15,50.0,79.0,4.0,4.0,10.0
19,160.0,2.9,4.0,4.0,5.0
19,311.0,30.0,5.0,5.0,8.0
14,35.0,20.0,4.0,1.0,3.0
16,290.0,19.0,4.0,4.0,4.0
16,202.0,12.0,4.0,7.0,20.0
16,202.0,5.15,6.0,4.0,30.0
16,200.0,5.15,3.0,6.0,10.0
16,55.0,6.25,5.0,5.0,5.0
16,55.0,5.8,4.0,4.0,4.0
16,60.0,11.0,4.0,4.0,4.0
16,48.0,11.0,4.0,4.0,4.0
16,65.0,5.4,4.0,7.0,8.0
16,160.0,2.5,4.0,1.0,5.0
7,143.0,14.8,3.0,3.0,6.0
2,32.0,2.55,3.0,4.0,3.0
19,120.0,3.15,5.0,5.0,6.0
12,25.0,15.0,3.0,5.0,3.0
9,25.0,38.5,3.0,5.0,2.5
18,80.0,20.0,5.0,5.0,10.0
14,250.0,20.0,3.0,5.0,13.0
18,75.0,17.5,5.0,5.0,10.0
18,160.0,19.0,6.0,4.0,6.0
19,165.0,13.0,6.0,3.0,3.0
18,75.0,200.0,4.0,5.0,8.0
15,80.0,15.8,4.0,4.0,8.0
19,460.0,23.0,15.0,6.0,24.0
14,102.0,9.5,4.0,4.0,8.0
14,119.0,29.5,3.0,3.0,4.0
15,100.0,26.5,6.0,5.0,6.0
19,130.0,2.04,5.0,3.0,5.0
19,110.0,1.5,5.0,4.0,10.0
0,60.0,9.2,4.0,4.0,20.0
0,35.0,34.0,3.0,4.0,4.0
19,113.0,27.0,5.0,4.0,4.0
19,126.0,75.0,4.0,3.0,10.0
19,118.0,17.5,10.0,5.0,0.0
19,343.0,55.3,6.0,3.0,6.0
19,120.0,6.9,6.0,4.0,4.5
19,308.0,12.0,6.0,3.0,5.0
2,85.0,8.0,6.0,5.0,6.0
15,90.0,148.0,6.0,5.0,10.0
15,40.0,100.0,6.0,5.0,10.0
19,450.0,6.05,6.0,5.0,10.0
11,300.0,24.5,6.0,5.0,6.0
15,40.0,15.2,4.0,5.0,4.0
15,165.0,7.1,2.0,5.0,10.0
15,86.0,39.6,4.0,5.0,12.0
15,50.0,17.0,4.0,5.0,10.0
17,96.0,10.5,4.0,4.0,10.0
15,75.0,24.3,4.0,5.0,3.0
15,50.0,37.0,3.0,5.0,10.0
15,176.0,19.0,5.0,5.0,4.0
10,200.0,7.3,5.0,5.0,10.0
15,200.0,15.6,6.0,3.0,10.0
15,60.0,10.0,4.0,5.0,10.0
15,108.0,16.0,4.0,4.0,3.0
15,85.0,12.5,4.0,5.0,10.0
20,76.0,24.5,9.0,7.0,6.0
11,56.0,15.0,7.0,5.0,6.0
11,92.0,16.3,4.0,4.0,8.0
11,90.0,25.0,6.0,5.0,6.0
15,80.0,12.0,1.0,4.0,15.0
15,300.0,11.3,4.0,3.0,48.0
18,90.0,15.6,6.0,5.0,6.0
15,75.0,10.0,6.0,2.0,13.0
15,128.0,11.3,6.0,6.0,33.0
20,60.0,7.5,4.0,4.0,6.0
15,90.0,13.3,4.0,5.0,2.0
15,50.0,10.6,4.0,4.0,10.0
11,61.0,41.0,12.0,8.0,5.0
15,50.0,15.5,4.0,3.0,5.0
11,140.0,8.5,2.0,4.0,1.0
15,77.0,34.5,4.0,5.0,4.0
15,65.0,19.0,6.0,5.0,10.0
11,150.0,25.6,5.0,4.0,10.0
15,200.0,22.3,4.0,3.0,10.0
15,120.0,10.5,3.0,4.0,4.0
14,125.0,11.2,4.0,3.0,9.0
10,115.0,14.0,5.0,3.0,4.5
15,75.0,12.0,8.0,4.0,3.0
15,97.0,54.6,4.0,3.0,39.0
17,90.0,102.0,4.0,4.0,12.0
11,196.0,4.97,2.0,5.0,12.0
19,200.0,10.7,3.0,4.0,13.0
2,92.0,15.0,2.0,4.0,13.0
2,100.0,15.0,6.0,5.0,30.0
6,158.0,19.4,4.0,3.0,24.0
2,79.0,49.6,5.0,5.0,30.0
6,400.0,27.6,4.0,4.0,13.0
4,229.0,9.3,4.0,4.0,7.0
14,224.0,10.6,4.0,5.0,3.0
2,98.0,8.01,5.0,5.0,12.0
2,100.0,15.0,3.0,4.0,12.0
2,90.0,8.08,4.0,5.0,12.0
6,204.0,10.5,3.0,3.0,15.0
2,95.0,26.6,4.0,4.0,17.0
15,61.0,10.3,12.0,6.0,30.0
17,122.0,14.5,3.0,5.0,6.0
6,91.0,17.6,4.0,4.0,27.0
2,100.0,15.0,4.0,4.0,30.0
15,102.0,13.0,3.0,8.0,3.0
6,158.0,4.91,3.0,3.0,24.0
18,50.0,14.6,1.0,1.0,1.0
2,91.0,13.4,3.0,4.0,13.0
2,100.0,24.3,4.0,4.0,33.0
2,100.0,7.75,3.0,4.0,30.0
15,176.0,4.03,6.0,4.0,20.0
6,87.0,5.8,2.0,4.0,24.0
2,84.0,6.84,4.0,5.0,12.0
2,100.0,5.8,6.0,4.0,12.0
2,90.0,10.0,6.0,4.0,17.0
2,100.0,7.8,4.0,4.0,5.0
6,91.0,11.0,3.0,4.0,27.0
6,87.0,13.5,3.0,4.0,24.0
6,118.0,12.8,4.0,4.0,15.0
2,78.0,19.2,4.0,5.0,30.0
6,135.0,10.2,6.0,4.0,39.0
6,400.0,22.3,4.0,3.0,13.0
6,91.0,15.0,4.0,4.0,27.0
14,125.0,16.3,16.0,7.0,3.0
2,79.0,8.3,8.0,5.0,30.0
15,80.0,15.0,6.0,5.0,39.0
2,100.0,9.0,12.0,4.0,17.0
2,95.0,9.5,6.0,4.0,24.0
2,100.0,9.0,5.0,4.0,24.0
2,100.0,13.5,3.0,5.0,12.0
2,100.0,9.5,4.0,4.0,12.0
2,79.0,14.2,3.0,5.0,30.0
2,100.0,8.0,1.0,4.0,12.0
2,100.0,7.7,4.0,4.0,30.0
2,100.0,13.5,6.0,4.0,17.0
2,75.0,18.6,5.0,5.0,13.0
2,100.0,7.38,4.0,4.0,30.0
6,400.0,5.4,1.0,5.0,15.0
2,180.0,7.92,4.0,4.0,12.0
2,79.0,8.0,4.0,4.0,9.0
2,90.0,15.2,5.0,5.0,12.0
2,100.0,15.9,7.0,4.0,17.0
15,86.0,37.0,6.0,4.0,30.0
2,221.0,13.5,6.0,5.0,15.0
19,104.0,24.5,5.0,4.0,4.0
2,95.0,13.2,4.0,4.0,24.0
15,164.0,17.0,4.0,4.0,10.0
2,95.0,10.5,5.0,4.0,24.0
15,76.0,15.5,3.0,4.0,3.0
15,50.0,10.0,1.0,4.0,10.0
2,240.0,15.6,4.0,5.0,13.0
2,100.0,84.3,3.0,5.0,12.0
2,240.0,26.6,4.0,5.0,13.0
19,324.0,17.6,5.0,3.0,10.0
17,122.0,9.7,4.0,5.0,1.0
15,102.0,13.0,7.0,5.0,4.0
2,100.0,15.6,4.0,4.0,12.0
18,50.0,54.6,1.0,1.0,1.0
15,128.0,945.0,4.0,4.0,6.0
11,196.0,10.5,4.0,6.0,50.0
15,91.0,1.26,7.0,1.0,1.0
15,61.0,11.3,6.0,5.0,4.0
15,80.0,0.0,7.0,1.0,1.0
15,90.0,49.6,1.0,1.0,15.0
15,155.0,17.5,3.0,4.0,7.0
4,229.0,31.5,6.0,5.0,20.0
18,75.0,30.0,5.0,5.0,5.0
14,300.0,36.0,4.0,4.0,16.0
14,260.0,102.0,4.0,4.0,15.0
14,220.0,25.6,6.0,6.0,12.0
19,200.0,11.3,11.0,5.0,10.0
15,120.0,41.0,3.0,8.0,25.0
15,75.0,14.0,3.0,4.0,12.0
11,140.0,39.6,5.0,4.0,2.0
15,97.0,12.5,4.0,5.0,10.0
17,96.0,24.5,5.0,5.0,2.0
19,130.0,49.6,5.0,4.0,3.0
19,240.0,11.2,4.0,3.0,20.0
4,229.0,150.0,3.0,5.0,40.0
15,75.0,945.0,2.0,5.0,17.0
19,640.0,17.6,18.0,9.0,6.0
15,91.0,54.6,7.0,1.0,1.0
15,102.0,11.3,13.0,5.0,12.0
11,196.0,33.0,6.0,4.0,15.0
15,90.0,24.5,4.0,3.0,5.0
14,220.0,15.2,6.0,6.0,15.0
15,165.0,17.0,6.0,4.0,3.0
15,86.0,10.5,1.0,5.0,50.0
15,75.0,26.6,4.0,5.0,8.0
15,50.0,0.0,4.0,5.0,4.0
17,122.0,24.5,3.0,3.0,2.0
15,155.0,25.5,4.0,8.0,15.0
15,166.0,15.6,4.0,3.0,1.5
17,152.0,41.0,1.0,4.0,10.0
15,128.0,25.6,4.0,3.0,15.0
11,140.0,11.3,3.0,5.0,7.0
15,120.0,27.6,4.0,5.0,4.0
15,90.0,11.3,4.0,5.0,2.5
14,224.0,22.3,5.0,4.0,10.0
15,75.0,16.3,3.0,5.0,3.0
14,125.0,39.6,3.0,7.0,14.0
15,80.0,10.5,10.0,5.0,30.0
17,96.0,55.0,4.0,10.0,3.5
15,61.0,14.0,3.0,5.0,3.5
19,134.0,38.0,6.0,5.0,5.0
15,97.0,10.0,5.0,4.0,20.0
10,190.0,20.3,6.0,5.0,5.0
10,110.0,20.4,4.0,3.0,5.0
15,230.0,18.0,6.0,5.0,20.0
15,230.0,11.8,6.0,5.0,20.0
18,95.0,8.8,6.0,6.0,30.0
15,110.0,9.4,6.0,5.0,15.0
18,45.0,19.8,4.0,5.0,15.0
15,90.0,13.5,4.0,5.0,15.0
15,193.0,9.5,6.0,5.0,30.0
15,85.0,6.3,6.0,5.0,20.0
15,60.0,15.0,6.0,6.0,15.0
15,62.0,13.2,4.0,1.0,15.0
15,226.0,21.5,5.0,4.0,10.0
15,160.0,20.2,5.0,5.0,30.0
18,180.0,20.3,6.0,5.0,20.0
15,190.0,13.5,6.0,5.0,20.0
15,230.0,8.5,6.0,5.0,20.0
15,48.0,11.0,5.0,6.0,18.0
15,76.0,9.6,6.0,4.0,4.0
15,84.0,8.1,5.0,4.0,7.0
15,50.0,15.0,4.0,6.0,12.0
15,50.0,21.0,4.0,5.0,6.0
11,120.0,15.5,4.0,4.0,4.0
15,90.0,7.5,2.0,5.0,10.0
15,80.0,7.8,5.0,5.0,18.0
15,50.0,11.5,4.0,5.0,10.0
15,50.0,11.0,5.0,5.0,10.0
15,65.0,10.0,4.0,5.0,10.0
15,58.0,23.5,6.0,5.0,10.0
15,50.0,13.0,5.0,5.0,12.0
15,124.0,8.5,2.0,5.0,18.0
18,80.0,8.3,4.0,3.0,5.0
15,50.0,9.98,4.0,5.0,8.0
15,50.0,25.0,4.0,5.0,8.0
15,50.0,29.0,4.0,5.0,13.0
16,172.0,10.5,2.0,7.0,5.0
16,108.0,12.6,3.0,5.0,8.0
15,50.0,6.7,7.0,7.0,8.0
4,62.0,8.5,13.0,5.0,13.0
15,52.0,27.0,3.0,4.0,8.0
15,50.0,12.6,3.0,5.0,13.0
17,94.0,30.0,19.0,5.0,6.0
15,90.0,9.5,4.0,4.0,4.0
15,150.0,9.5,5.0,4.0,9.0
15,50.0,10.5,4.0,5.0,10.0
17,90.0,9.8,3.0,5.0,15.0
15,50.0,9.5,4.0,7.0,13.0
15,50.0,3.25,4.0,5.0,13.0
15,90.0,26.8,6.0,2.0,33.0
15,33.0,38.0,3.0,4.0,8.0
15,110.0,12.6,8.0,5.0,15.0
10,190.0,9.6,6.0,5.0,5.0
15,78.0,8.8,2.0,6.0,8.0
15,50.0,9.8,4.0,5.0,27.0
15,50.0,36.9,4.0,6.0,13.0
15,45.0,14.0,6.0,6.0,4.0
14,185.0,102.0,6.0,5.0,4.0
15,60.0,25.6,3.0,4.0,5.0
19,200.0,41.0,4.0,5.0,4.0
15,120.0,54.6,4.0,1.0,8.0
11,140.0,15.6,3.0,5.0,4.0
11,196.0,13.5,5.0,4.0,2.0
15,128.0,39.6,5.0,4.0,15.0
15,65.0,22.3,6.0,5.0,12.0
17,96.0,9.9,4.0,2.0,3.0
14,125.0,30.0,3.0,5.0,20.0
15,50.0,9.8,4.0,5.0,7.0
15,213.0,26.6,4.0,4.0,6.0
15,90.0,72.0,1.0,4.0,7.0
17,122.0,11.2,5.0,1.0,30.0
17,155.0,15.9,5.0,4.0,40.0
15,75.0,27.6,8.0,5.0,25.0
18,123.0,8.5,1.0,5.0,3.0
14,224.0,9.6,4.0,4.0,8.0
15,75.0,6.1,4.0,5.0,15.0
15,50.0,17.6,4.0,5.0,12.0
15,40.0,7.97,4.0,4.0,12.0
15,102.0,13.5,5.0,4.0,15.0
15,50.0,17.5,4.0,5.0,12.0
15,65.0,19.0,6.0,5.0,12.0
18,68.0,9.55,5.0,4.0,3.0
15,200.0,16.4,1.0,3.0,3.5
15,50.0,16.7,5.0,5.0,15.0
7,250.0,10.5,10.0,4.0,7.0
11,131.0,49.6,3.0,5.0,4.0
15,61.0,22.0,6.0,4.0,20.0
4,229.0,20.0,9.0,5.0,3.0
18,75.0,23.0,4.0,6.0,10.0
18,70.0,11.0,4.0,5.0,8.0
18,110.0,15.9,4.0,4.0,6.0
15,83.0,15.0,4.0,5.0,8.0
18,123.0,11.5,6.0,5.0,15.0
11,131.0,11.5,3.0,4.0,6.0
14,58.0,10.5,6.0,5.0,17.0
15,83.0,11.3,1.0,5.0,15.0
15,61.0,15.0,4.0,5.0,12.0
14,56.0,0.02,4.0,5.0,17.0
19,120.0,12.6,5.0,5.0,6.0
14,350.0,102.0,6.0,5.0,15.0
15,78.0,10.0,5.0,3.0,20.0
19,200.0,11.5,5.0,7.0,10.0
11,50.0,9.8,5.0,5.0,8.0
20,60.0,41.0,5.0,5.0,8.0
12,105.0,25.6,6.0,5.0,20.0
11,140.0,24.3,4.0,4.0,3.0
15,120.0,1.27,2.0,5.0,15.0
15,176.0,14.0,4.0,4.0,20.0
3,42.0,16.3,4.0,3.0,12.0
15,60.0,36.0,4.0,6.0,5.0
15,80.0,26.6,6.0,5.0,3.0
9,66.0,11.0,4.0,4.0,3.0
17,122.0,11.3,5.0,1.0,13.0
15,83.0,0.0,2.0,4.0,40.0
15,90.0,0.0,38.0,3.0,5.0
15,155.0,5.5,6.0,5.0,3.0
15,75.0,4.0,9.0,4.0,12.0
2,80.0,5.5,4.0,4.0,15.0
2,75.0,39.6,4.0,4.0,15.0
2,72.0,9.0,4.0,4.0,15.0
17,96.0,7.4,6.0,4.0,17.0
2,80.0,25.0,4.0,4.0,15.0
2,90.0,5.0,3.0,4.0,20.0
2,250.0,13.0,4.0,4.0,30.0
2,75.0,15.54,3.0,5.0,20.0
2,144.0,26.5,4.0,4.0,20.0
2,222.0,22.3,4.0,5.0,20.0
18,70.0,29.0,5.0,6.0,8.0
14,125.0,28.0,5.0,4.0,3.5
14,360.0,47.0,8.0,4.0,8.0
14,350.0,19.89,8.0,4.0,8.0
14,330.0,40.0,8.0,4.0,8.0
19,255.0,19.8,6.0,5.0,15.0
14,270.0,29.0,8.0,4.0,8.0
19,260.0,60.0,6.0,5.0,20.0
4,20.0,19.8,6.0,4.0,8.0
14,350.0,20.0,8.0,5.0,8.0
19,258.0,10.0,6.0,5.0,8.0
14,115.0,13.0,6.0,5.0,7.0
12,60.0,10.2,6.0,6.0,7.0
14,75.0,19.8,8.0,5.0,7.0
14,140.0,23.0,6.0,4.0,7.0
19,255.0,26.0,6.0,5.0,15.0
14,120.0,30.0,5.0,4.0,10.0
14,120.0,15.5,6.0,5.0,20.0
16,151.0,8.12,6.0,3.0,10.0
11,60.0,108.0,4.0,6.0,6.0
12,65.0,120.0,10.0,6.0,2.3
11,300.0,25.9,4.0,5.0,20.0
11,366.0,8.5,8.0,6.0,26.0
18,115.0,47.5,4.0,5.0,18.0
12,66.0,26.0,4.0,4.0,4.5
16,245.0,130.0,6.0,8.0,20.0
16,96.0,37.0,4.0,4.0,20.0
16,393.0,105.0,4.0,5.0,9.0
16,200.0,13.0,4.0,5.0,4.0
16,362.0,37.0,1.0,4.0,4.0
1,132.0,105.0,1.0,1.0,1.0
16,200.0,13.0,4.0,5.0,3.0
16,362.0,7.1,3.0,4.0,3.0
1,132.0,10.5,1.0,1.0,1.0
16,105.0,15.9,4.0,4.0,7.0
10,111.0,39.0,5.0,3.0,10.0
16,79.0,13.31,6.0,5.0,15.0
16,155.0,24.0,6.0,5.0,10.0
1,135.0,13.5,1.0,1.0,1.0
16,140.0,33.5,4.0,4.0,6.0
1,132.0,16.7,6.0,4.0,7.0
16,156.0,40.0,4.0,4.0,8.0
19,145.0,21.0,5.0,3.0,6.0
16,234.0,13.0,6.0,5.0,10.0
16,140.0,15.7,5.0,3.0,10.0
1,132.0,31.3,1.0,1.0,1.0
16,79.0,38.0,6.0,5.0,15.0
16,114.0,12.8,8.0,7.0,20.0
16,200.0,16.6,5.0,5.0,15.0
16,75.0,6.0,5.0,5.0,10.0
16,110.0,10.0,5.0,5.0,6.0
16,50.0,6.0,4.0,4.0,5.0
16,55.0,4.2,5.0,5.0,5.0
16,50.0,4.0,4.0,4.0,6.0
16,43.0,13.31,5.0,5.0,5.0
9,48.0,23.0,4.0,4.0,3.0
1,135.0,20.0,1.0,1.0,1.0
15,90.0,9.0,4.0,5.0,13.0
1,90.0,13.31,6.0,5.0,40.0
1,380.0,19.0,5.0,5.0,10.0
1,135.0,5.2,1.0,1.0,1.0
16,115.0,7.5,5.0,4.0,16.0
16,32.0,19.0,3.0,5.0,5.0
16,52.0,13.0,4.0,6.0,5.0
16,123.0,25.0,5.0,4.0,16.0
1,132.0,18.9,1.0,1.0,1.0
16,90.0,29.5,4.0,4.0,12.0
16,110.0,22.5,4.0,4.0,12.0
16,90.0,18.2,4.0,4.0,12.0
16,108.0,18.2,4.0,4.0,12.0
16,106.0,21.0,4.0,4.0,12.0
16,106.0,6.35,4.0,4.0,12.0
16,116.0,79.0,4.0,4.0,12.0
16,36.0,78.4,3.0,6.0,6.0
16,70.0,15.35,5.0,6.0,6.0
13,60.0,15.6,4.0,4.0,6.0
16,105.0,15.5,5.0,5.0,5.0
16,108.0,5.0,4.0,4.0,4.0
16,110.0,4.25,4.0,4.0,4.0
16,80.0,27.5,5.0,5.0,5.0
16,34.0,36.0,5.0,5.0,5.0
18,147.0,26.5,5.0,4.0,3.0
14,218.0,54.0,12.0,6.0,30.0
14,224.0,27.2,1.0,4.0,20.0
14,350.0,15.0,4.0,4.0,5.0
14,180.0,15.0,3.0,3.0,3.0
19,118.0,23.5,4.0,4.0,8.0
10,140.0,37.0,4.0,4.0,7.0
14,220.0,14.0,8.0,5.0,10.0
14,310.0,7.8,8.0,4.0,5.0
1,7.0,12.5,5.0,5.0,40.0
1,130.0,9.8,5.0,5.0,40.0
16,100.0,8.2,4.0,5.0,40.0
15,102.0,19.5,5.0,5.0,6.0
15,86.0,23.5,3.0,4.0,3.0
15,220.0,23.5,4.0,5.0,9.0
15,250.0,21.0,6.0,5.0,8.0
15,235.0,19.8,6.0,5.0,10.0
15,240.0,7.3,4.0,4.0,30.0
15,238.0,7.28,5.0,5.0,2.0
15,70.0,10.0,3.0,3.0,24.0
15,80.0,12.0,3.0,5.0,3.0
10,110.0,16.8,4.0,3.0,5.0
15,90.0,11.7,4.0,5.0,20.0
15,77.0,26.5,4.0,4.0,12.0
15,95.0,17.0,7.0,5.0,8.0
11,110.0,4.45,6.0,5.0,10.0
4,123.0,9.5,5.0,4.0,15.0
14,80.0,17.0,4.0,8.0,4.0
17,85.0,17.0,4.0,4.0,10.0
19,230.0,5.3,6.0,4.0,20.0
19,230.0,22.0,6.0,4.0,20.0
9,44.0,22.5,4.0,5.0,4.0
14,120.0,3.3,4.0,3.0,10.0
14,120.0,40.0,4.0,5.0,8.0
10,45.0,12.0,4.0,4.0,10.0
11,240.0,33.6,5.0,4.0,15.0
15,85.0,22.5,6.0,5.0,6.0
16,160.0,22.5,7.0,6.0,9.0
1,240.0,8.0,4.0,3.0,7.0
20,85.0,22.0,3.0,3.0,6.0
15,60.0,10.7,4.0,5.0,8.0
20,118.0,8.0,3.0,4.0,7.0
15,60.0,7.5,4.0,6.0,8.0
15,60.0,3.5,4.0,6.0,8.0
15,80.0,21.0,4.0,5.0,10.0
17,72.0,40.0,3.0,1.0,8.0
17,122.0,36.0,5.0,4.0,7.0
11,246.0,13.0,6.0,5.0,15.0
20,180.0,22.0,4.0,4.0,7.0
17,91.0,200.0,1.0,4.0,10.0
20,85.0,9.0,3.0,3.0,8.0
19,500.0,15.5,5.0,5.0,15.0
15,60.0,6.0,6.0,5.0,10.0
11,120.0,6.0,5.0,4.0,4.0
15,45.0,6.0,4.0,5.0,8.0
15,45.0,28.0,6.0,5.0,8.0
15,60.0,0.17,4.0,4.0,8.0
17,160.0,39.5,6.0,4.0,13.0
17,160.0,7.0,6.0,4.0,13.0
17,181.0,31.0,7.0,5.0,13.0
15,82.0,21.0,4.0,6.0,10.0
17,150.0,222.22,5.0,4.0,20.0
17,123.0,8.8,5.0,4.0,15.0
19,500.0,16.0,5.0,4.0,10.0
14,45.0,150.0,4.0,4.0,2.0
14,98.0,4.8,6.0,4.0,15.0
16,390.0,42.0,5.0,5.0,15.0
11,40.0,160.0,3.0,5.0,3.0
19,140.0,105.6,4.0,3.0,24.0
9,488.0,6.8,6.0,3.0,24.0
19,383.0,230.0,6.0,3.0,12.0
20,41.0,27.0,4.0,5.0,50.0
9,320.0,70.0,7.0,2.0,12.0
19,132.0,100.0,2.0,2.0,6.0
9,300.0,280.0,4.0,4.0,8.0
19,200.0,120.0,6.0,5.0,12.0
19,500.0,68.0,5.0,4.0,12.0
19,350.0,18.9,5.0,6.0,12.0
12,242.0,18.0,6.0,8.0,6.0
18,65.0,22.5,2.0,5.0,4.0
19,200.0,9.3,4.0,3.0,5.0
1,236.0,8.95,4.0,3.0,15.0
15,66.0,7.0,4.0,4.0,15.0
15,90.0,24.0,4.0,4.0,20.0
15,55.0,20.0,4.0,5.0,10.0
17,105.0,12.0,16.0,5.0,4.0
15,230.0,11.0,4.0,5.0,20.0
15,130.0,8.7,4.0,5.0,20.0
15,80.0,9.0,5.0,6.0,30.0
15,50.0,5.0,5.0,6.0,15.0
15,90.0,14.5,5.0,4.0,24.0
15,50.0,11.0,3.0,5.0,15.0
15,132.0,21.0,6.0,5.0,20.0
15,80.0,85.0,4.0,7.0,24.0
16,130.0,85.0,6.0,4.0,9.0
19,230.0,1.82,6.0,10.0,10.0
19,230.0,145.0,6.0,5.0,10.0
15,35.0,42.0,4.0,3.0,3.0
19,650.0,7.0,20.0,8.0,15.0
20,180.0,90.0,3.0,1.0,15.0
15,55.0,24.5,6.0,5.0,15.0
19,330.0,5.2,5.0,4.0,30.0
11,85.0,5.0,4.0,9.0,6.0
11,40.0,3.8,3.0,5.0,3.0
11,50.0,47.0,3.0,5.0,3.0
18,15.0,14.8,2.0,3.0,8.0
9,240.0,13.0,6.0,3.0,20.0
20,55.0,150.0,12.0,8.0,20.0
9,67.0,27.0,3.0,2.0,30.0
19,666.0,68.0,21.0,8.0,30.0
9,60.0,26.8,5.0,5.0,30.0
19,200.0,32.5,16.0,8.0,30.0
13,70.0,12.8,12.0,6.0,20.0
9,101.0,32.0,5.0,5.0,12.0
18,60.0,23.6,8.0,4.0,20.0
13,62.0,23.9,8.0,5.0,30.0
9,105.0,7.99,9.0,6.0,40.0
20,59.0,230.0,6.0,4.0,20.0
13,50.0,32.0,4.0,5.0,6.0
19,240.0,62.0,32.0,9.0,16.0
20,80.0,8.5,4.0,7.0,16.0
19,150.0,8.5,5.0,5.0,24.0
20,58.0,4.15,4.0,4.0,7.0
20,56.0,8.9,4.0,4.0,5.0
14,45.0,3.6,4.0,4.0,4.0
18,43.0,6.8,6.0,5.0,4.0
14,38.0,5.85,1.0,1.0,3.0
14,35.0,6.95,1.0,1.0,3.0
18,55.0,7.55,1.0,1.0,3.0
18,43.0,5.6,4.0,4.0,4.0
14,55.0,4.75,12.0,8.0,4.0
4,43.0,7.46,4.0,4.0,4.0
18,48.0,4.8,1.0,1.0,3.0
14,80.0,3.98,1.0,1.0,3.0
18,34.0,5.5,3.0,5.0,4.0
18,42.0,16.5,1.0,1.0,3.0
18,36.0,13.3,1.0,1.0,3.0
18,100.0,4.8,1.0,1.0,3.0
9,71.0,6.2,4.0,5.0,10.0
18,37.0,18.5,4.0,4.0,4.0
18,40.0,12.5,3.0,6.0,4.0
15,130.0,14.4,6.0,5.0,18.0
15,85.0,33.06,6.0,5.0,10.0
15,90.0,9.2,5.0,5.0,24.0
7,348.0,10.5,5.0,5.0,8.0
7,83.0,30.0,6.0,5.0,15.0
15,75.0,120.0,4.0,4.0,8.0
15,150.0,38.0,3.0,5.0,25.0
10,350.0,33.0,6.0,4.0,7.0
11,103.0,4.8,6.0,6.0,5.0
14,360.0,35.0,6.0,4.0,4.0
17,112.0,10.4,4.0,4.0,4.0
16,305.0,17.7,3.0,4.0,4.0
15,50.0,23.5,5.0,5.0,15.0
19,108.0,32.0,5.0,4.0,5.0
19,155.0,19.5,5.0,4.0,3.0
19,245.0,16.5,6.0,4.0,6.0
19,140.0,95.0,5.0,4.0,8.0
10,70.0,9.0,5.0,4.0,15.0
19,200.0,9.0,6.0,5.0,50.0
